location,type,minF,maxF,duration,bandwidth,Fi,Ff
mexico,5,9916.90,22323.00,0.62,12406266.00,22323.00,9917.00
mexico,2,10954.00,17604.00,0.44,6649808.00,17604.00,10954.00
mexico,2,11701.00,19336.00,0.60,7634678.00,19336.00,11701.00
mexico,5,7335.00,19004.00,0.78,11668748.00,19004.00,7335.00
mexico,5,7837.00,17959.00,0.57,10122500.00,17959.00,7837.00
mexico,5,12616.00,18736.00,0.50,6119363.00,18736.00,12616.00
mexico,5,11267.00,19882.00,0.59,8615196.00,19882.00,11267.00
mexico,5,8391.00,18838.00,0.82,10446542.00,18838.00,8391.00
mexico,5,16196.00,20655.00,0.44,4459658.00,16196.00,20655.00
mexico,5,7001.00,21653.00,0.83,14652079.00,21653.00,7001.00
mexico,5,6476.00,23386.00,0.97,16910285.00,23386.00,6476.00
mexico,5,11990.00,21600.00,0.79,9610504.00,21600.00,11990.00
mexico,5,7053.00,20392.00,1.14,13339168.00,17451.00,7053.00
mexico,5,12792.00,21233.00,0.66,8440470.00,18601.00,14846.00
mexico,5,6220.00,18543.00,0.78,12322738.00,18543.00,6220.00
mexico,5,6003.00,18543.00,0.88,12539900.00,18543.00,6003.00
mexico,5,10797.00,18778.00,0.53,7980440.00,18778.00,11971.00
mexico,3,16782.00,20304.00,0.41,3521343.00,18484.00,16782.00
mexico,2,15491.00,18886.00,0.22,3394352.00,18886.00,15491.00
mexico,5,11166.00,14142.00,0.28,2975926.00,13320.00,11166.00
mexico,4,15139.00,19482.00,0.27,4342299.00,19482.00,16489.00
mexico,4,16050.00,19599.00,0.36,3549113.00,19726.00,17252.00
mexico,5,12216.00,18518.00,0.77,6301970.00,18518.00,12216.00
mexico,5,5704.00,21564.00,1.03,15859956.00,19482.00,5704.00
mexico,5,9433.00,23035.00,0.93,13601751.00,23035.00,15525.00
mexico,5,11325.00,18895.00,1.86,7569683.00,16665.00,14553.00
mexico,5,11271.00,19071.00,1.37,7799989.00,18308.00,12899.00
mexico,2,14963.00,16900.00,0.17,1936431.00,16900.00,14963.00
mexico,5,11113.00,19364.00,1.39,8250936.00,17663.00,11971.00
mexico,5,6631.00,18466.00,1.31,11834857.00,9623.00,12029.00
mexico,1,12792.00,14377.00,0.15,1584352.00,12792.00,14377.00
mexico,2,15257.00,19012.00,0.31,3755501.00,19012.00,15257.00
mexico,2,14963.00,19188.00,0.36,4224939.00,19188.00,14963.00
mexico,1,12156.00,20468.00,0.37,8311688.00,12156.00,20468.00
mexico,2,5818.00,14753.00,0.24,8935065.00,14753.00,5818.00
mexico,2,6026.00,13247.00,0.35,7220779.00,13247.00,6026.00
mexico,3,10219.00,12852.00,0.25,2632258.00,11097.00,10219.00
mexico,3,9858.00,12645.00,0.25,2787096.00,11045.00,9858.00
mexico,3,9600.00,12490.00,0.28,2890323.00,11045.00,9600.00
mexico,3,9910.00,12232.00,0.24,2322581.00,11097.00,9910.00
mexico,3,9290.00,12439.00,0.26,3148387.00,11045.00,9290.00
mexico,3,9239.00,12490.00,0.32,3251613.00,10890.00,9239.00
mexico,3,8310.00,12852.00,0.32,4541936.00,8310.00,9032.00
mexico,3,8568.00,12439.00,0.32,3870968.00,8568.00,9290.00
mexico,3,8671.00,12490.00,0.32,3819355.00,8671.00,9342.00
mexico,3,8671.00,12800.00,0.30,4129032.00,8671.00,9910.00
mexico,3,9351.00,13143.00,0.31,3792208.00,9351.00,9351.00
mexico,3,9135.00,12852.00,0.34,3716129.00,9135.00,9497.00
mexico,3,15639.00,18477.00,0.28,2838709.00,17032.00,15639.00
mexico,3,8657.00,11870.00,0.48,3213823.00,10626.00,8657.00
mexico,3,6065.00,11404.00,0.74,5339093.00,9019.00,6065.00
mexico,3,11300.00,20942.00,0.73,9641469.00,12078.00,11300.00
mexico,3,2436.00,4406.00,0.36,1969763.00,2436.00,3006.00
mexico,3,6531.00,19853.00,0.60,13321815.00,15551.00,6531.00
mexico,3,10419.00,22030.00,0.62,11611232.00,18972.00,10419.00
mexico,3,10730.00,20786.00,0.49,10056155.00,16380.00,10730.00
mexico,3,13922.00,20000.00,0.42,6077922.00,13922.00,18182.00
mexico,3,6909.00,20571.00,0.55,13662338.00,14597.00,6909.00
mexico,3,13455.00,20727.00,0.44,7272728.00,13455.00,19065.00
mexico,3,12052.00,20468.00,0.48,8415584.00,12052.00,19117.00
mexico,3,6390.00,20519.00,0.75,14129871.00,11740.00,6390.00
mexico,3,3325.00,5143.00,0.35,1818182.00,3948.00,3325.00
mexico,3,8104.00,13870.00,0.53,5766234.00,8883.00,8104.00
mexico,3,7481.00,13714.00,0.53,6233767.00,7481.00,9714.00
mexico,3,13403.00,15325.00,0.22,1922078.00,13403.00,13403.00
mexico,3,13610.00,15377.00,0.18,1766233.00,13610.00,14234.00
mexico,3,14901.00,16200.00,0.20,1298701.00,14901.00,15213.00
mexico,3,12719.00,15109.00,0.23,2389611.00,12719.00,12719.00
mexico,3,11888.00,15524.00,0.24,3636363.00,12511.00,11888.00
mexico,3,8044.00,13914.00,0.58,5870130.00,8044.00,9517.00
mexico,3,12338.00,15202.00,0.28,2863340.00,12338.00,12703.00
mexico,3,13380.00,15358.00,0.21,1978308.00,13952.00,13380.00
mexico,3,19262.00,20408.00,0.16,1145336.00,19627.00,19262.00
mexico,3,12130.00,13380.00,0.16,1249458.00,12130.00,12130.00
mexico,3,10412.00,16711.00,0.34,6299349.00,10412.00,12338.00
mexico,3,8954.00,12182.00,0.25,3227766.00,8954.00,10985.00
mexico,3,13275.00,15566.00,0.18,2290673.00,13275.00,14161.00
mexico,3,10256.00,12338.00,0.27,2082430.00,11349.00,10256.00
mexico,3,18586.00,20304.00,0.13,1718005.00,19315.00,18586.00
mexico,3,13588.00,15202.00,0.14,1613883.00,14004.00,13588.00
mexico,3,10896.00,16414.00,0.22,5518438.00,12718.00,10896.00
mexico,3,8241.00,14020.00,0.53,5778742.00,8970.00,8241.00
mexico,3,10844.00,14540.00,0.38,3696312.00,10844.00,10844.00
mexico,3,8501.00,14957.00,0.48,6455531.00,8501.00,9438.00
mexico,3,7356.00,14800.00,0.51,7444685.00,9178.00,7356.00
mexico,3,8137.00,14905.00,0.49,6767895.00,8137.00,11260.00
mexico,3,4597.00,14748.00,0.59,10151844.00,7043.00,4597.00
mexico,3,5013.00,14592.00,0.48,9579176.00,5013.00,7304.00
mexico,5,8465.00,13316.00,0.50,4851613.00,9135.00,8465.00
mexico,5,8812.00,20527.00,2.41,11714903.00,10678.00,10108.00
mexico,5,7568.00,19438.00,1.27,11870410.00,7568.00,12078.00
mexico,5,5391.00,18091.00,1.55,12699784.00,16950.00,5391.00
mexico,5,8812.00,21408.00,1.34,12596112.00,14203.00,8812.00
mexico,5,8553.00,20838.00,2.92,12285097.00,15032.00,8864.00
mexico,5,8294.00,21045.00,2.54,12751619.00,19853.00,13944.00
mexico,5,7464.00,20942.00,2.19,13477322.00,15292.00,11093.00
mexico,5,8519.00,20987.00,2.74,12467532.00,14234.00,14286.00
mexico,5,13714.00,20675.00,0.67,6961039.00,17403.00,19896.00
mexico,5,12935.00,21403.00,0.64,8467532.00,14234.00,18130.00
mexico,5,12831.00,21299.00,1.58,8467532.00,14338.00,13662.00
mexico,5,7429.00,20727.00,2.32,13298702.00,13143.00,7429.00
mexico,5,6961.00,20571.00,2.22,13610390.00,12623.00,6961.00
mexico,5,7377.00,20779.00,2.22,13402598.00,12468.00,7377.00
mexico,5,8779.00,20312.00,1.15,11532467.00,12208.00,17558.00
mexico,5,7377.00,20883.00,1.42,13506494.00,14026.00,8104.00
mexico,5,7221.00,20779.00,2.23,13558442.00,11273.00,7221.00
mexico,5,7896.00,20779.00,1.90,12883117.00,13091.00,20104.00
mexico,5,7221.00,20831.00,2.31,13610390.00,12571.00,7221.00
mexico,5,6961.00,21039.00,2.20,14077922.00,14961.00,6961.00
mexico,5,8000.00,20883.00,2.03,12883117.00,11013.00,20883.00
mexico,5,7065.00,20935.00,2.84,13870130.00,14857.00,7065.00
mexico,5,7273.00,20779.00,2.00,13506494.00,14909.00,7273.00
mexico,5,7013.00,20987.00,2.28,13974026.00,12675.00,7013.00
mexico,5,6961.00,20519.00,2.12,13558442.00,12935.00,7377.00
mexico,5,7065.00,20935.00,2.60,13870130.00,17818.00,7065.00
mexico,5,7429.00,21000.00,2.16,13571429.00,11117.00,7429.00
mexico,5,8312.00,20519.00,1.41,12207793.00,14442.00,9143.00
mexico,5,7273.00,20416.00,1.52,13142857.00,14909.00,8156.00
mexico,5,9610.00,20883.00,1.52,11272727.00,18390.00,12104.00
mexico,5,8831.00,20623.00,1.68,11792208.00,17143.00,10961.00
mexico,5,7948.00,20571.00,0.81,12623377.00,11429.00,13091.00
mexico,5,8104.00,20208.00,1.30,12103896.00,13870.00,12675.00
mexico,5,7844.00,20623.00,1.30,12779221.00,13299.00,11221.00
mexico,5,8831.00,16727.00,0.44,7896104.00,16727.00,8831.00
mexico,5,7013.00,20987.00,2.03,13974026.00,15169.00,12208.00
mexico,5,6805.00,20831.00,2.10,14025974.00,14286.00,6805.00
mexico,5,8000.00,21610.00,2.42,13610390.00,16779.00,13247.00
mexico,5,12451.00,24763.00,0.68,12311688.00,17282.00,12763.00
mexico,5,12087.00,25230.00,0.70,13142858.00,17023.00,12763.00
mexico,5,10217.00,25958.00,0.69,15740259.00,20659.00,10217.00
mexico,5,11063.00,26284.00,0.68,15220779.00,18284.00,11063.00
mexico,5,11998.00,27738.00,0.68,15740259.00,17972.00,11998.00
mexico,5,11640.00,30290.00,0.66,18649351.00,15848.00,11640.00
mexico,5,10757.00,29978.00,0.65,19220779.00,17928.00,10757.00
mexico,5,10759.00,29616.00,0.64,18857143.00,20525.00,10759.00
mexico,5,11278.00,29408.00,0.62,18129871.00,21200.00,11278.00
mexico,5,11070.00,25824.00,0.55,14753247.00,21772.00,11070.00
mexico,5,4468.00,20156.00,2.78,15688312.00,10545.00,4468.00
mexico,5,5231.00,19257.00,1.67,14025974.00,19257.00,5231.00
mexico,5,8730.00,21769.00,0.50,13038961.00,21769.00,8730.00
mexico,5,4990.00,18808.00,0.97,13818182.00,18808.00,8938.00
mexico,5,8003.00,20678.00,1.92,12675325.00,14756.00,8003.00
mexico,5,5405.00,18548.00,1.68,13142857.00,18029.00,5977.00
mexico,5,7483.00,20626.00,2.23,13142857.00,10704.00,8418.00
mexico,5,5509.00,19327.00,1.79,13818181.00,18756.00,6288.00
mexico,5,7327.00,20574.00,1.38,13246754.00,11327.00,7327.00
mexico,5,7483.00,20886.00,2.22,13402597.00,12782.00,8055.00
mexico,5,5039.00,18701.00,1.35,13662338.00,17974.00,5039.00
mexico,5,6234.00,20987.00,1.57,14753247.00,18961.00,6234.00
mexico,5,7584.00,20675.00,2.39,13090909.00,17299.00,7584.00
mexico,5,5351.00,20519.00,1.89,15168832.00,11117.00,5351.00
mexico,5,6597.00,21662.00,1.96,15064935.00,15844.00,6597.00
mexico,5,6797.00,21135.00,1.99,14337663.00,15836.00,6797.00
mexico,5,7472.00,21342.00,1.56,13870130.00,19213.00,7472.00
mexico,5,6067.00,17498.00,1.70,11431177.00,6067.00,11273.00
mexico,5,6485.00,20979.00,1.95,14493507.00,16459.00,6485.00
mexico,5,8044.00,20407.00,1.28,12363636.00,15109.00,10641.00
mexico,5,7005.00,20303.00,1.11,13298701.00,16200.00,7005.00
mexico,5,7836.00,21135.00,1.38,13298701.00,11524.00,7836.00
mexico,5,6381.00,20563.00,1.74,14181818.00,14329.00,6381.00
mexico,5,10360.00,19210.00,0.48,8850325.00,19210.00,10360.00
mexico,5,5623.00,20928.00,2.51,15305856.00,5623.00,9527.00
mexico,5,10516.00,16920.00,0.42,6403471.00,16920.00,10516.00
mexico,5,9007.00,18690.00,0.90,9683297.00,10256.00,9007.00
mexico,5,9683.00,19887.00,0.51,10203905.00,19887.00,9683.00
mexico,5,8501.00,19226.00,0.87,10724512.00,14592.00,8501.00
mexico,5,10583.00,18497.00,0.45,7913232.00,11833.00,10583.00
mexico,5,10479.00,20006.00,0.51,9527115.00,16883.00,20006.00
mexico,5,4649.00,15217.00,1.18,10568330.00,8657.00,4649.00
mexico,5,4180.00,14852.00,1.56,10672451.00,9334.00,7616.00
mexico,5,6575.00,11052.00,0.46,4477224.00,11052.00,6575.00
mexico,5,6054.00,15165.00,1.16,9110629.00,15165.00,6054.00
mexico,5,4613.00,21045.00,2.30,16431965.00,12026.00,19076.00
mexico,2,7568.00,14721.00,0.66,7153347.00,14721.00,7568.00
mexico,2,7775.00,12389.00,0.55,4613391.00,12389.00,7775.00
mexico,1,9538.00,20112.00,0.75,10574514.00,9538.00,20112.00
mexico,1,8708.00,20734.00,0.79,12025918.00,8708.00,20734.00
mexico,1,8035.00,21356.00,0.77,13321814.00,8035.00,21356.00
mexico,1,8035.00,21564.00,0.71,13529158.00,8035.00,21564.00
mexico,2,7464.00,17054.00,0.80,9589633.00,17054.00,7464.00
mexico,2,7879.00,17054.00,0.79,9174946.00,17054.00,7879.00
mexico,1,8242.00,20838.00,0.75,12596112.00,8242.00,20838.00
mexico,2,7724.00,11663.00,0.48,3939525.00,11663.00,7724.00
mexico,1,8864.00,17935.00,0.72,9071274.00,8864.00,17935.00
mexico,2,7931.00,12596.00,0.48,4665226.00,12596.00,7931.00
mexico,1,8708.00,18091.00,0.74,9382290.00,8708.00,18091.00
mexico,2,7257.00,17002.00,0.77,9745141.00,17002.00,7257.00
mexico,2,7931.00,17106.00,0.69,9174946.00,17106.00,7931.00
mexico,5,8760.00,12285.00,1.04,3524838.00,10212.00,10160.00
mexico,2,10909.00,16806.00,0.31,5896806.00,16806.00,10909.00
mexico,2,11581.00,19493.00,0.61,7912664.00,19493.00,11581.00
mexico,2,9537.00,16978.00,0.46,7441048.00,16978.00,9537.00
mexico,2,9642.00,13834.00,0.25,4192140.00,13834.00,9642.00
mexico,5,9633.00,20463.00,1.10,10829932.00,9633.00,12289.00
mexico,3,13234.00,19956.00,0.57,6722100.00,14022.00,13234.00
mexico,3,13339.00,20796.00,0.54,7457331.00,16979.00,13339.00
mexico,3,13602.00,20429.00,0.41,6827133.00,17908.00,13602.00
mexico,3,14284.00,20902.00,0.43,6617068.00,17330.00,14284.00
mexico,2,7300.00,18538.00,0.41,11238512.00,18538.00,7300.00
mexico,2,10608.00,19221.00,0.38,8612692.00,19221.00,10608.00
mexico,2,10661.00,16858.00,0.25,6196936.00,16858.00,10661.00
mexico,5,8088.00,17488.00,1.44,9400438.00,17488.00,14074.00
mexico,2,8035.00,11344.00,0.27,3308534.00,11344.00,8035.00
mexico,2,7510.00,11659.00,0.29,4148796.00,11659.00,7510.00
mexico,2,6302.00,11344.00,0.34,5041576.00,11344.00,6302.00
mexico,5,7335.00,12557.00,0.27,5222494.00,12557.00,7335.00
mexico,5,7297.00,11459.00,0.24,4162162.00,11459.00,7297.00
mexico,2,6270.00,11027.00,0.36,4756757.00,11027.00,6270.00
mexico,2,5838.00,10216.00,0.32,4378378.00,10216.00,5838.00
mexico,2,5838.00,14703.00,0.36,8864865.00,14703.00,5838.00
mexico,2,7065.00,12156.00,0.25,5090909.00,12156.00,7065.00
mexico,2,7481.00,10857.00,0.26,3376624.00,10857.00,7481.00
mexico,2,4704.00,15020.00,0.44,10316259.00,15020.00,4704.00
mexico,2,4704.00,16303.00,0.43,11599109.00,16303.00,4704.00
mexico,4,9095.00,11501.00,0.28,2405867.00,10504.00,11501.00
mexico,4,8713.00,11374.00,0.26,2660870.00,10748.00,11374.00
mexico,4,8557.00,11061.00,0.24,2504348.00,10226.00,11061.00
mexico,2,7357.00,18626.00,1.11,11269565.00,18626.00,7357.00
mexico,2,8243.00,16643.00,0.88,8400000.00,16643.00,8243.00
mexico,2,12081.00,17342.00,0.44,5261745.00,17342.00,12081.00
mexico,2,7087.00,17557.00,1.03,10469799.00,17557.00,7087.00
mexico,2,7732.00,19060.00,1.05,11328859.00,19060.00,7732.00
mexico,2,7141.00,17718.00,0.98,10577181.00,17718.00,7141.00
mexico,2,12617.00,18148.00,0.48,5530201.00,18148.00,12617.00
mexico,2,7622.00,18850.00,1.05,11227467.00,18850.00,7622.00
mexico,2,6989.00,19503.00,1.02,12514673.00,19503.00,6989.00
mexico,1,8939.00,23025.00,0.87,14085779.00,8939.00,23025.00
mexico,1,8614.00,15115.00,0.45,6501129.00,8614.00,15115.00
mexico,1,8993.00,14790.00,0.33,5796840.00,8993.00,14790.00
mexico,1,10402.00,14953.00,0.30,4550790.00,10402.00,14953.00
mexico,1,9047.00,18853.00,0.41,9805869.00,9047.00,18853.00
mexico,1,9589.00,14357.00,0.25,4767494.00,9589.00,14357.00
mexico,1,5518.00,16868.00,0.41,11349241.00,5518.00,16868.00
mexico,1,5050.00,19419.00,0.38,14368763.00,5050.00,19419.00
mexico,1,5623.00,15495.00,0.32,9872586.00,5623.00,15495.00
mexico,1,9267.00,17857.00,0.32,8590022.00,9267.00,17857.00
mexico,2,10168.00,19665.00,0.66,9496774.00,19665.00,10168.00
mexico,2,8310.00,18013.00,0.82,9703226.00,18013.00,8310.00
mexico,2,8018.00,20126.00,0.85,12107624.00,20126.00,8018.00
mexico,2,7608.00,20196.00,0.82,12587412.00,20196.00,7608.00
mexico,2,8503.00,19972.00,0.81,11468531.00,19972.00,8503.00
mexico,2,8679.00,20786.00,0.87,12107143.00,20786.00,8679.00
mexico,1,9662.00,19584.00,0.64,9922078.00,9662.00,19584.00
mexico,1,9610.00,19273.00,0.62,9662337.00,9610.00,19273.00
mexico,1,10130.00,17974.00,0.62,7844156.00,10130.00,17974.00
mexico,1,8636.00,19009.00,0.63,10373832.00,8636.00,19009.00
mexico,1,9735.00,21657.00,0.72,11921909.00,9735.00,21657.00
mexico,2,6013.00,16240.00,0.48,10226981.00,16240.00,6013.00
mexico,2,6373.00,16497.00,0.40,10124197.00,16497.00,6373.00
mexico,2,6321.00,16857.00,0.42,10535332.00,16857.00,6321.00
mexico,2,6527.00,16343.00,0.42,9815845.00,16343.00,6527.00
mexico,2,6835.00,16394.00,0.43,9558886.00,16394.00,6835.00
mexico,2,6527.00,16600.00,0.50,10072805.00,16600.00,6527.00
mexico,2,7452.00,16086.00,0.35,8633833.00,16086.00,7452.00
mexico,2,7948.00,15948.00,0.54,8000000.00,15948.00,7948.00
mexico,2,8416.00,12468.00,0.34,4051948.00,12468.00,8416.00
mexico,4,8698.00,17557.00,0.57,8859060.00,17557.00,14497.00
mexico,2,6174.00,15893.00,0.37,9718120.00,6174.00,15893.00
mexico,2,8000.00,16591.00,0.33,8590604.00,8000.00,16591.00
mexico,2,7356.00,17396.00,0.36,10040268.00,17396.00,7356.00
mexico,2,9557.00,17450.00,0.31,7892617.00,17450.00,9557.00
mexico,4,6980.00,9987.00,0.23,3006711.00,8703.00,9987.00
mexico,4,7087.00,9181.00,0.17,2093960.00,8486.00,9181.00
mexico,2,7041.00,14365.00,0.39,7324324.00,14365.00,7041.00
mexico,2,7892.00,14973.00,0.40,7081081.00,14973.00,7892.00
mexico,4,8541.00,15892.00,0.25,7351351.00,12270.00,15892.00
mexico,4,8865.00,14432.00,0.21,5567567.00,11405.00,14432.00
mexico,2,10000.00,19135.00,0.98,9135135.00,19135.00,10000.00
mexico,2,9946.00,17243.00,0.91,7297297.00,17243.00,9946.00
mexico,2,9081.00,19622.00,1.03,10540541.00,19622.00,9081.00
mexico,2,7730.00,21459.00,1.14,13729729.00,21459.00,7730.00
mexico,2,7784.00,15243.00,0.65,7459459.00,15243.00,7784.00
mexico,2,7622.00,17081.00,0.99,9459459.00,17081.00,7622.00
mexico,1,13514.00,17081.00,0.17,3567567.00,13514.00,17081.00
mexico,1,12054.00,17568.00,0.41,5513514.00,12054.00,17568.00
mexico,1,12432.00,17568.00,0.36,5135136.00,12432.00,17568.00
mexico,1,12649.00,17784.00,0.36,5135135.00,12649.00,17784.00
mexico,5,7513.00,12783.00,1.54,5269566.00,7513.00,8296.00
mexico,5,8296.00,12783.00,1.92,4486957.00,8296.00,8296.00
mexico,5,8765.00,12783.00,1.72,4017392.00,8765.00,8765.00
mexico,5,5739.00,12678.00,1.85,6939131.00,5739.00,8557.00
mexico,5,7878.00,12783.00,1.92,4904348.00,7878.00,8348.00
mexico,5,6470.00,12730.00,1.96,6260870.00,6470.00,8922.00
mexico,5,7930.00,12730.00,2.48,4800000.00,7930.00,8400.00
mexico,5,7461.00,12730.00,2.50,5269565.00,7461.00,7774.00
mexico,5,6626.00,12783.00,1.76,6156522.00,6626.00,9548.00
mexico,5,8452.00,12730.00,2.26,4278261.00,8452.00,9130.00
mexico,5,7722.00,12887.00,1.76,5165218.00,7722.00,8400.00
mexico,5,7200.00,12991.00,2.46,5791304.00,8557.00,7200.00
mexico,5,6574.00,12783.00,2.43,6208696.00,6574.00,8817.00
mexico,5,8713.00,12783.00,2.10,4069566.00,8713.00,9652.00
mexico,5,7617.00,12730.00,2.30,5113044.00,7617.00,7617.00
mexico,5,7304.00,12835.00,2.42,5530435.00,7304.00,9861.00
mexico,5,8765.00,12887.00,1.95,4121740.00,8765.00,8765.00
mexico,,6313.00,12835.00,1.98,6521740.00,6313.00,7200.00
mexico,5,3443.00,10070.00,2.92,6626087.00,7409.00,10070.00
mexico,1,4435.00,10226.00,0.38,5791304.00,4435.00,10226.00
mexico,1,6417.00,11843.00,0.14,5426087.00,6417.00,11843.00
mexico,3,5426.00,8765.00,0.50,3339130.00,5426.00,8191.00
mexico,3,5322.00,9078.00,0.44,3756522.00,5322.00,8296.00
mexico,6,6684.00,7948.00,0.65,1264516.00,6684.00,7948.00
mexico,3,4955.00,10323.00,0.50,5367742.00,4955.00,6710.00
mexico,4,6658.00,8671.00,0.11,2012903.00,8241.00,8671.00
mexico,4,6348.00,8723.00,0.13,2374194.00,8297.00,8723.00
mexico,4,7019.00,9032.00,0.12,2012903.00,8130.00,9032.00
mexico,5,5457.00,8353.00,0.48,2895591.00,8353.00,6635.00
mexico,4,5546.00,8242.00,0.32,2695465.00,7827.00,8242.00
mexico,1,6583.00,9693.00,0.40,3110152.00,6583.00,9693.00
mexico,1,5598.00,9175.00,0.28,3576674.00,5598.00,9175.00
mexico,6,6619.00,8126.00,0.58,1506727.00,6619.00,8126.00
mexico,6,6780.00,8233.00,0.52,1452915.00,6780.00,8233.00
mexico,1,4735.00,8610.00,0.84,3874439.00,4735.00,8610.00
mexico,4,6067.00,8805.00,0.23,2738255.00,6067.00,6067.00
mexico,6,6635.00,7983.00,0.57,1347732.00,6635.00,7983.00
mexico,6,6687.00,7775.00,0.68,1088553.00,6687.00,7775.00
mexico,6,5304.00,6429.00,0.39,1125000.00,5304.00,6429.00
mexico,3,4946.00,8694.00,0.50,3748373.00,6485.00,4946.00
mexico,3,4894.00,8694.00,0.52,3800434.00,5654.00,4894.00
mexico,3,4946.00,8642.00,0.53,3696312.00,5764.00,4946.00
mexico,1,5764.00,11141.00,0.32,5376444.00,5764.00,11141.00
mexico,5,5586.00,9672.00,0.87,4086207.00,5690.00,5690.00
mexico,3,5483.00,7138.00,0.18,1655172.00,5689.00,5483.00
mexico,3,5534.00,7397.00,0.21,1862069.00,5624.00,5534.00
mexico,3,5379.00,7603.00,0.20,2224138.00,5624.00,5379.00
mexico,3,5534.00,7293.00,0.18,1758620.00,6016.00,5534.00
mexico,3,5121.00,7138.00,0.18,2017241.00,5755.00,5121.00
mexico,3,5690.00,7397.00,0.18,1706897.00,5690.00,5690.00
mexico,3,5793.00,7397.00,0.21,1603449.00,5793.00,5793.00
mexico,3,5390.00,7983.00,0.23,2593220.00,5793.00,5390.00
mexico,3,5679.00,7607.00,0.23,1928572.00,5868.00,5679.00
mexico,3,5464.00,7875.00,0.30,2410714.00,5643.00,5464.00
mexico,3,5464.00,7768.00,0.21,2303571.00,5643.00,5464.00
mexico,3,5464.00,7875.00,0.19,2410714.00,5567.00,5464.00
mexico,3,4929.00,7446.00,0.20,2517858.00,4929.00,5266.00
mexico,3,5518.00,7661.00,0.21,2142857.00,5567.00,5518.00
mexico,3,5518.00,7232.00,0.18,1714286.00,5868.00,5518.00
mexico,3,5411.00,7661.00,0.20,2250000.00,5718.00,5411.00
mexico,3,5786.00,7446.00,0.19,1660715.00,5786.00,5786.00
mexico,5,5080.00,11352.00,0.60,6272138.00,6220.00,11352.00
mexico,4,6168.00,9123.00,0.30,2954643.00,9123.00,8626.00
mexico,4,6857.00,10182.00,0.12,3324675.00,10182.00,10182.00
mexico,4,7169.00,10649.00,0.09,3480520.00,10649.00,10649.00
mexico,5,5393.00,9330.00,0.46,3937079.00,5393.00,9330.00
mexico,4,5752.00,10301.00,0.29,4549020.00,8261.00,10301.00
mexico,4,5908.00,11503.00,0.36,5594771.00,9255.00,11503.00
mexico,4,6484.00,12444.00,0.39,5960784.00,8105.00,12444.00
mexico,3,5154.00,7289.00,0.45,2134490.00,5154.00,5831.00
mexico,3,4998.00,6976.00,0.41,1978308.00,4998.00,5779.00
mexico,1,5960.00,11597.00,0.84,5637583.00,6819.00,11597.00
mexico,1,6121.00,11007.00,0.86,4885906.00,6872.00,11007.00
mexico,1,6067.00,10685.00,0.76,4617450.00,6819.00,10685.00
mexico,1,6228.00,10631.00,0.57,4402684.00,6228.00,10631.00
mexico,1,5799.00,11114.00,0.74,5315436.00,5799.00,11114.00
mexico,3,5259.00,9622.00,0.47,4363637.00,5259.00,6688.00
mexico,3,4699.00,9902.00,0.85,5202797.00,4699.00,5933.00
mexico,1,5124.00,10085.00,0.53,4961797.00,5124.00,10085.00
mexico,3,4935.00,7896.00,0.32,2961039.00,6027.00,4935.00
mexico,3,5766.00,7636.00,0.21,1870130.00,5766.00,5812.00
mexico,1,5650.00,7910.00,0.69,2260090.00,5650.00,7910.00
mexico,1,4413.00,7641.00,0.68,3228700.00,4413.00,7641.00
mexico,4,5058.00,7372.00,0.52,2313901.00,7372.00,7372.00
mexico,4,5004.00,7318.00,0.44,2313902.00,7318.00,7318.00
mexico,1,9794.00,12269.00,0.46,2475336.00,9794.00,12269.00
mexico,2,5948.00,8741.00,0.51,2793103.00,8741.00,5948.00
mexico,1,6466.00,12414.00,0.50,5948276.00,6466.00,12414.00
mexico,3,4759.00,9362.00,0.38,4603448.00,6973.00,9362.00
mexico,1,3800.00,6403.00,0.52,2603037.00,3800.00,6403.00
mexico,1,5779.00,10100.00,0.20,4321041.00,5779.00,10100.00
mexico,1,5935.00,11766.00,0.35,5830803.00,5935.00,11766.00
mexico,3,5973.00,13238.00,0.50,7264574.00,5973.00,9848.00
mexico,3,5381.00,13345.00,0.52,7964125.00,5381.00,9578.00
mexico,1,5489.00,8610.00,0.54,3121076.00,5489.00,8610.00
mexico,3,5745.00,13208.00,0.49,7463088.00,5745.00,9181.00
mexico,3,5208.00,13262.00,0.41,8053691.00,5208.00,10577.00
mexico,1,4617.00,9557.00,0.64,4939597.00,4617.00,9557.00
mexico,3,5884.00,8516.00,0.18,2632258.00,6651.00,5884.00
mexico,3,6000.00,8556.00,0.17,2555556.00,6000.00,6000.00
mexico,3,6611.00,8500.00,0.17,1888889.00,6611.00,6611.00
mexico,3,5778.00,8556.00,0.12,2777778.00,6882.00,5778.00
mexico,3,4973.00,9600.00,0.63,4626506.00,5235.00,4973.00
mexico,3,4976.00,8864.00,0.55,3887689.00,4976.00,6013.00
mexico,4,5443.00,8605.00,0.47,3161987.00,8605.00,7893.00
mexico,4,5287.00,8242.00,0.55,2954644.00,8242.00,7302.00
mexico,2,5423.00,9181.00,0.98,3758389.00,9181.00,6417.00
mexico,4,5374.00,8557.00,0.89,3182609.00,8557.00,7730.00
mexico,4,5687.00,8348.00,0.65,2660869.00,8348.00,6973.00
mexico,5,4703.00,9351.00,0.76,4648648.00,4703.00,7639.00
mexico,1,4581.00,8174.00,0.49,3592191.00,4581.00,8174.00
mexico,1,4633.00,8121.00,0.44,3488069.00,4633.00,8121.00
mexico,4,4665.00,9849.00,0.45,5183585.00,6272.00,9849.00
mexico,5,4562.00,7257.00,0.48,2695464.00,4562.00,6894.00
mexico,3,4924.00,7050.00,0.44,2125270.00,5184.00,4924.00
mexico,4,5132.00,8397.00,0.57,3265659.00,6894.00,8397.00
mexico,1,4406.00,10315.00,0.43,5909287.00,4406.00,10315.00
mexico,1,3991.00,10419.00,0.53,6427645.00,3991.00,10419.00
mexico,1,4302.00,10367.00,0.52,6064795.00,4302.00,10367.00
mexico,1,5012.00,8130.00,0.34,3118329.00,5012.00,8130.00
mexico,1,4095.00,10575.00,0.54,6479482.00,4095.00,10575.00
mexico,1,4140.00,10685.00,0.51,6545455.00,4140.00,10685.00
mexico,1,3860.00,10462.00,0.84,6601398.00,3860.00,10462.00
mexico,3,4643.00,7217.00,0.30,2573426.00,5852.00,4643.00
mexico,3,4811.00,7161.00,0.26,2349650.00,5315.00,4811.00
mexico,3,6013.00,9020.00,0.49,3006711.00,6672.00,6013.00
mexico,5,3879.00,11017.00,1.23,7137931.00,7707.00,5121.00
mexico,3,4603.00,10552.00,0.77,5948276.00,6090.00,4603.00
mexico,3,3594.00,8290.00,0.41,4695652.00,3594.00,3900.00
mexico,3,2841.00,8406.00,0.38,5565217.00,2841.00,4260.00
mexico,3,3884.00,8232.00,0.36,4347826.00,3884.00,4080.00
mexico,3,4406.00,7420.00,0.32,3014493.00,4260.00,4406.00
mexico,3,4058.00,8000.00,0.40,3942029.00,4260.00,4058.00
mexico,3,4529.00,8382.00,0.41,3852495.00,4738.00,4529.00
mexico,3,4425.00,8330.00,0.71,3904555.00,5518.00,4425.00
mexico,3,5466.00,9059.00,0.59,3592191.00,5466.00,5935.00
mexico,4,5362.00,10256.00,0.49,4893709.00,8746.00,10256.00
mexico,3,5310.00,10725.00,0.56,5414317.00,8434.00,5310.00
mexico,3,4581.00,8330.00,0.50,3748373.00,5855.00,4581.00
mexico,3,5050.00,8434.00,0.54,3383947.00,5391.00,5050.00
mexico,3,4529.00,8278.00,0.55,3748373.00,6377.00,4529.00
mexico,3,4790.00,8330.00,0.51,3540130.00,6087.00,4790.00
mexico,1,3478.00,12522.00,0.52,9043478.00,3478.00,12522.00
mexico,1,3580.00,8448.00,0.53,4867132.00,3580.00,8448.00
mexico,1,3636.00,9287.00,0.63,5650349.00,3636.00,9287.00
mexico,1,3748.00,9734.00,0.57,5986014.00,3748.00,9734.00
mexico,1,3466.00,7345.00,0.21,3879311.00,3466.00,7345.00
mexico,1,4241.00,9517.00,0.37,5275862.00,4241.00,9517.00
mexico,3,4821.00,9857.00,0.57,5035714.00,4821.00,6195.00
mexico,1,6456.00,10829.00,0.23,4373102.00,6456.00,10829.00
mexico,1,6768.00,10672.00,0.16,3904555.00,6768.00,10672.00
mexico,1,6195.00,11714.00,0.16,5518438.00,6195.00,11714.00
mexico,1,5310.00,11818.00,0.68,6507592.00,5310.00,11818.00
mexico,3,4581.00,10152.00,0.64,5570499.00,4894.00,4581.00
mexico,1,3228.00,9631.00,0.49,6403470.00,3228.00,9631.00
mexico,1,4061.00,9319.00,0.45,5258134.00,4061.00,9319.00
mexico,3,4422.00,9924.00,0.66,5501124.00,4422.00,5362.00
venezuela,1,8145.90,15519.30,0.68,7373.40,8145.90,15519.30
venezuela,1,6109.40,15238.40,0.71,9129.00,6109.40,15238.40
venezuela,6,7233.00,7865.00,0.35,632.00,7865.00,7233.00
venezuela,2,8567.20,11095.00,0.23,2527.80,11095.20,8637.40
venezuela,1,7022.30,14817.00,0.33,7794.70,7022.30,14817.00
venezuela,6,7373.40,7443.60,0.23,70.20,7373.40,7443.60
venezuela,6,7233.00,7794.70,0.36,561.70,7584.10,7233.00
venezuela,6,7303.20,7865.00,0.39,561.80,7513.90,7303.20
venezuela,6,7443.60,7654.30,0.34,210.70,7584.10,7443.60
venezuela,1,5547.60,9480.10,0.34,3932.50,5547.60,9480.10
venezuela,1,7794.70,17274.80,0.47,9480.10,7794.70,17274.80
venezuela,1,7865.00,14746.80,0.42,6881.80,7865.00,14746.80
venezuela,1,5758.30,14255.00,0.51,8496.70,5758.30,14255.00
venezuela,1,8777.90,18117.50,0.40,9339.60,8777.90,18117.50
venezuela,1,8426.80,17485.50,0.34,9058.70,8426.80,17485.50
venezuela,1,9339.60,15729.90,0.28,6390.30,9339.60,15729.90
venezuela,6,7303.20,7865.00,0.24,561.80,7865.00,7654.30
venezuela,1,9690.80,12359.20,0.11,2668.40,9690.80,12359.20
venezuela,3,7162.70,18117.50,0.55,10954.80,12289.00,7162.70
venezuela,2,7865.00,14536.10,0.85,6671.10,14536.10,7865.00
venezuela,4,6179.60,14325.50,1.04,8145.90,14325.50,8848.10
venezuela,3,7443.60,17064.20,1.66,9620.60,10673.90,7443.60
venezuela,2,6320.10,16291.70,1.12,9971.60,16291.70,6320.10
venezuela,5,7443.60,18258.00,1.51,10814.40,15449.00,10603.70
venezuela,1,12710.40,17555.70,0.14,4845.30,12710.40,17555.70
venezuela,5,8567.20,19311.30,1.05,10744.10,10673.90,18187.70
venezuela,2,13342.40,18468.60,0.62,5126.20,18468.60,13342.40
venezuela,4,8707.60,18258.00,0.65,9550.40,17345.10,18258.00
venezuela,4,12710.40,18609.10,0.45,5898.70,18609.10,16853.50
venezuela,2,13974.40,17626.00,0.41,3651.60,17626.00,13974.40
venezuela,2,7724.50,13974.40,0.76,6249.90,13974.40,7724.50
venezuela,3,5407.20,18258.00,0.85,12850.80,5407.20,8918.30
venezuela,2,10252.50,12429.50,0.55,2177.00,12429.50,10252.50
venezuela,5,7303.20,20083.80,2.30,12780.60,10814.30,9269.40
venezuela,5,7233.00,20294.40,1.19,13061.40,17415.30,9269.40
venezuela,2,9761.00,16923.70,0.64,7162.70,16923.70,9761.00
venezuela,5,8538.50,21615.40,1.93,13076.90,21615.40,8538.50
venezuela,1,10000.00,16307.70,0.61,6307.70,10000.00,16307.70
venezuela,5,7000.00,21384.60,2.19,14384.60,21384.60,7000.00
venezuela,6,18692.30,19307.70,0.16,615.40,19076.90,18923.10
venezuela,3,8538.50,14000.00,0.50,5461.50,9769.20,8538.50
venezuela,5,6846.20,21384.60,2.11,14538.40,20923.10,6846.20
venezuela,1,10076.90,17384.60,0.34,7307.70,10076.90,17384.60
venezuela,3,13000.00,15846.20,0.27,2846.20,14000.00,13000.00
venezuela,3,13307.70,15692.30,0.28,2384.60,13307.70,13307.70
venezuela,1,7384.60,14307.70,0.30,6923.10,7384.60,14307.70
venezuela,3,17153.80,19692.30,0.19,2538.50,17153.80,17461.50
venezuela,1,10230.80,21692.30,0.28,11461.50,10230.80,21692.30
venezuela,1,9846.20,20153.80,0.20,10307.60,9846.20,20153.80
venezuela,3,17538.50,19538.50,0.19,2000.00,17846.20,17538.50
venezuela,2,8692.30,16461.50,0.52,7769.20,16461.50,8692.30
venezuela,1,7153.80,18000.00,0.42,10846.20,7153.80,18000.00
venezuela,1,9692.30,15230.80,0.26,5538.50,9692.30,15230.80
venezuela,1,6153.80,16230.80,0.41,10077.00,6153.80,16230.80
venezuela,1,7461.50,16384.60,0.28,8923.10,7461.50,16384.60
venezuela,2,10461.50,19307.70,0.19,8846.20,19307.70,10461.50
venezuela,3,10923.10,19384.60,0.44,8461.50,10923.10,16384.60
venezuela,4,8923.10,15538.50,0.34,6615.40,15538.50,15461.50
venezuela,3,10000.00,19230.80,0.36,9230.80,10000.00,16384.60
venezuela,1,9307.70,15384.60,0.44,6076.90,9307.70,15384.60
venezuela,1,10230.80,14923.10,0.36,4692.30,10230.80,14923.10
venezuela,1,12538.50,21692.30,0.33,9153.80,12538.50,21692.30
venezuela,1,8000.00,19923.10,0.43,11923.10,8000.00,19923.10
venezuela,1,6000.00,17153.80,0.58,11153.80,6000.00,17153.80
venezuela,1,11384.60,17769.20,0.22,6384.60,11384.60,17769.20
venezuela,3,11615.40,14000.00,0.14,2384.60,12153.80,11615.40
venezuela,3,10615.40,14153.80,0.16,3538.40,10615.40,10923.10
venezuela,4,9153.80,14615.40,0.30,5461.60,14615.40,12846.20
venezuela,1,6384.60,13538.50,0.31,7153.90,6384.60,11692.30
venezuela,1,6384.60,18846.20,0.39,12461.60,6384.60,18846.20
venezuela,1,7615.40,19538.50,0.41,11923.10,7615.40,19538.50
venezuela,3,7384.60,19538.50,0.35,12153.90,7384.60,12153.80
venezuela,2,11230.80,15923.10,0.11,4692.30,15923.10,11230.80
venezuela,2,11923.10,16923.10,0.23,5000.00,15923.10,11923.10
venezuela,3,10769.20,16923.10,0.34,6153.90,13615.40,10769.20
venezuela,3,12153.80,16692.30,0.33,4538.50,12153.80,12307.70
venezuela,2,9230.80,16615.40,0.67,7384.60,16615.40,10538.50
venezuela,3,10615.40,16615.40,0.33,6000.00,13615.40,10615.40
venezuela,3,10769.20,16615.40,0.35,5846.20,11538.50,10769.20
venezuela,3,9615.40,15692.30,0.40,6076.90,10769.20,9615.40
venezuela,3,10538.50,16307.70,0.31,5769.20,12769.20,10538.50
venezuela,3,10615.40,15230.80,0.31,4615.40,13230.80,10615.40
venezuela,1,11384.60,15307.70,0.28,3923.10,11384.60,15307.70
venezuela,2,11153.80,16769.20,0.28,5615.40,14615.40,11153.80
venezuela,1,7230.80,17846.20,0.52,10615.40,7230.80,17846.20
venezuela,3,10846.20,15769.20,0.34,4923.00,10846.20,10923.10
venezuela,1,13692.30,16230.80,0.20,2538.50,13692.30,15000.00
venezuela,3,11923.10,15923.10,0.27,4000.00,13846.20,11923.10
venezuela,3,11079.90,15846.20,0.36,4766.30,11384.60,11076.90
venezuela,6,14076.90,16153.80,0.23,2076.90,14076.90,14769.20
venezuela,3,10307.70,14769.20,0.39,4461.50,10307.70,10615.40
venezuela,3,10384.60,15384.60,0.37,5000.00,10384.60,10538.50
venezuela,6,13461.50,15461.50,0.20,2000.00,15307.70,13461.50
venezuela,2,12461.50,16000.00,0.21,3538.50,15692.30,12461.50
venezuela,2,9769.20,15461.50,0.66,5692.30,15461.50,9769.20
venezuela,6,14538.50,16230.80,0.18,1692.30,15692.30,14538.50
venezuela,1,9692.30,16230.80,0.21,6538.50,9692.30,16230.80
venezuela,1,9538.50,19153.80,0.34,9615.30,9538.50,19153.80
venezuela,2,6769.20,9153.80,0.12,2384.60,9153.80,6769.20
venezuela,1,7307.70,16153.80,0.82,8846.10,7307.70,16153.80
venezuela,1,7307.70,18846.20,0.90,11538.50,7307.70,18846.20
venezuela,1,6846.20,16692.30,0.96,9846.10,6846.20,16692.30
venezuela,2,6230.80,12076.90,0.89,5846.10,12076.90,7307.70
venezuela,1,11307.70,17307.70,0.46,6000.00,11307.70,17307.70
venezuela,3,8692.30,11076.90,0.17,2384.60,8692.30,8692.30
venezuela,5,7384.60,21000.00,2.07,13615.40,21000.00,7384.60
venezuela,1,8846.20,12384.60,0.48,3538.40,8846.20,12384.60
venezuela,3,12692.30,15153.80,0.22,2461.50,13076.90,12692.30
venezuela,6,5286.70,6209.80,0.17,923.10,5874.10,5286.70
venezuela,4,6713.30,17118.90,0.31,10405.60,16447.60,15692.30
venezuela,1,12503.50,18209.80,0.10,5706.30,12503.50,17874.10
venezuela,4,5790.20,16135.80,1.02,10345.60,13594.40,16135.80
venezuela,3,5370.60,14769.20,0.84,9398.60,7468.50,5370.60
venezuela,3,6461.50,14181.80,0.70,7720.30,5286.70,6461.50
venezuela,5,4951.00,16615.40,2.92,11664.40,12923.10,8559.40
venezuela,1,8895.10,13762.20,0.40,4867.10,8895.10,13762.20
venezuela,2,7804.20,12755.20,0.11,4951.00,12755.20,7804.20
venezuela,3,5202.80,8139.90,0.17,2937.10,5286.70,5202.80
venezuela,6,11244.80,13426.60,0.72,2181.80,13090.90,12419.60
venezuela,2,4447.60,8055.90,0.36,3608.30,8055.90,4447.60
venezuela,1,6377.60,14097.90,0.95,7720.30,6377.60,14097.90
venezuela,1,7216.80,12083.90,0.62,4867.10,7216.80,12083.90
venezuela,3,6377.60,17538.50,0.88,11160.90,6377.60,7216.80
venezuela,1,5622.40,12587.40,0.87,6965.00,5622.40,12587.40
venezuela,3,5454.50,15524.50,0.81,10070.00,5454.50,7552.40
venezuela,4,5790.20,10405.60,0.65,4615.40,9230.80,10405.60
venezuela,3,7216.80,18293.70,0.53,11076.90,10657.30,7216.80
venezuela,2,6881.10,12923.10,0.55,6042.00,12923.10,6881.10
venezuela,2,3944.10,12251.70,0.46,8307.60,12251.70,3944.10
venezuela,1,9986.00,14853.10,0.25,4867.10,9986.00,14853.10
venezuela,2,7552.40,16531.50,0.80,8979.10,16531.50,8979.00
venezuela,4,8727.30,16531.50,1.17,7804.20,14601.40,16531.50
venezuela,2,5706.30,16363.60,1.48,10657.30,16363.60,5706.30
venezuela,2,5958.00,16363.60,1.31,10405.60,16363.60,5958.00
venezuela,2,5790.20,18209.80,1.19,12419.60,18209.80,6461.50
venezuela,1,9314.70,22657.30,0.50,13342.60,9314.70,22657.30
venezuela,2,5286.70,13846.20,0.96,8559.50,13846.20,6629.40
venezuela,2,5874.10,13930.10,1.11,8056.00,13930.10,6125.90
venezuela,1,9230.80,22405.60,0.46,13174.80,9230.80,22405.60
venezuela,2,5622.40,14937.10,1.08,9314.70,14937.10,6629.40
venezuela,1,11328.70,23076.90,0.38,11748.20,11328.70,23076.90
venezuela,5,7216.80,18125.90,1.22,10909.10,11076.90,8811.20
venezuela,3,7216.80,16028.00,0.92,8811.20,9818.20,7216.80
venezuela,2,5538.50,17202.80,0.88,11664.30,17202.80,5538.50
venezuela,2,6209.80,14685.30,0.87,8475.50,14601.40,6209.80
venezuela,1,10321.70,23160.80,0.33,12839.10,10321.70,23160.80
venezuela,5,8559.40,17958.00,1.03,9398.60,12167.80,11412.60
venezuela,5,7049.00,18377.60,1.13,11328.60,18377.60,7720.30
venezuela,1,6713.30,13007.00,0.26,6293.70,6713.30,13007.00
venezuela,5,7552.40,16028.00,0.77,8475.60,12251.70,13846.20
venezuela,5,7384.60,15104.90,1.05,7720.30,14517.50,7636.40
venezuela,1,8391.60,20139.90,0.26,11748.30,8391.60,20139.90
venezuela,2,5790.20,13258.70,0.94,7468.50,13258.70,5790.20
venezuela,5,9650.30,18461.50,2.31,8811.20,11664.30,18461.50
venezuela,5,6881.10,17454.50,1.42,10573.40,12671.30,14265.70
venezuela,6,10573.40,11580.40,0.21,1007.00,10573.40,11412.60
venezuela,5,7384.60,15524.50,1.33,8139.90,13090.90,9314.70
venezuela,1,16028.00,17874.10,0.23,1846.10,16028.00,17874.10
venezuela,5,7468.50,17874.10,1.16,10405.60,11664.30,7468.50
venezuela,5,7300.70,16028.00,1.17,8727.30,12335.70,9902.10
venezuela,5,7468.50,15776.20,1.30,8307.70,12083.90,7468.50
venezuela,1,11244.80,18713.30,0.33,7468.50,11244.80,18713.30
venezuela,2,6545.50,16447.60,0.35,9902.10,16447.60,7049.00
venezuela,5,6209.80,16783.20,1.08,10573.40,11580.40,6209.80
venezuela,2,5454.50,14265.70,1.28,8811.20,14265.70,5958.00
venezuela,1,9146.90,20391.60,0.22,11244.70,9146.90,20391.60
venezuela,5,5958.00,15356.60,1.31,9398.60,12755.20,5958.00
venezuela,5,7132.90,17202.80,1.00,10069.90,17202.80,7132.90
venezuela,3,5454.50,17454.50,1.02,12000.00,10657.30,5454.50
venezuela,5,7468.50,16111.90,1.41,8643.40,12083.90,8475.50
venezuela,5,7216.80,15021.00,1.31,7804.20,12419.60,7216.80
venezuela,5,7468.50,16699.30,0.93,9230.80,15608.40,7636.40
venezuela,1,8811.20,17202.80,0.23,8391.60,8811.20,17202.80
venezuela,2,6125.90,13762.20,0.80,7636.30,13426.60,6125.90
venezuela,5,5874.10,17454.50,1.14,11580.40,7216.80,8979.00
venezuela,1,7300.70,17370.60,0.39,10069.90,7300.70,17370.60
venezuela,4,7552.40,16111.90,0.92,8559.50,12671.30,16111.90
venezuela,2,6797.20,17622.40,0.38,10825.20,17622.40,6797.20
venezuela,5,6965.00,18125.90,1.30,11160.90,14853.10,10153.80
venezuela,2,6629.40,17874.10,0.74,11244.70,17874.10,6629.40
venezuela,5,6965.00,17622.40,1.07,10657.40,9398.60,6965.00
venezuela,5,7049.00,16951.00,1.24,9902.00,12167.80,7468.50
venezuela,5,6965.00,17118.90,1.15,10153.90,8895.10,6965.00
venezuela,1,9230.80,14853.10,0.15,5622.30,9230.80,14853.10
venezuela,5,6629.40,15860.10,1.13,9230.70,12587.40,7552.40
venezuela,2,5454.50,13930.10,1.16,8475.60,13930.10,6125.90
venezuela,5,6881.10,17190.20,0.65,10309.10,11076.90,13007.00
venezuela,3,7468.50,16447.60,0.49,8979.10,7972.00,7468.50
venezuela,2,8475.50,19888.10,0.42,11412.60,19888.10,8475.50
venezuela,1,6293.70,13174.80,0.71,6881.10,6293.70,13174.80
venezuela,1,8391.60,21398.60,0.32,13007.00,8391.60,21398.60
venezuela,2,6042.00,14181.80,1.43,8139.80,14181.80,6965.00
venezuela,2,6377.60,18125.90,0.50,6797.20,18125.90,6377.60
venezuela,1,9734.30,18881.10,0.12,9146.80,9734.30,18881.10
venezuela,2,6797.20,14014.00,1.34,7216.80,14014.00,7552.40
venezuela,5,6797.20,18545.50,1.13,11748.30,10573.40,8559.40
venezuela,2,6713.30,20811.20,0.72,14097.90,20811.20,8055.90
venezuela,1,12755.20,19300.70,0.30,6545.50,12755.20,18881.10
venezuela,1,9230.80,17874.10,0.58,8643.30,9230.80,17874.10
venezuela,1,9398.60,15272.70,0.11,5874.10,9398.60,15272.70
venezuela,2,5538.50,12923.10,1.53,7384.60,12839.20,6209.80
venezuela,1,6965.00,11412.60,0.67,4447.60,6965.00,11412.60
venezuela,4,6881.10,16028.00,0.91,9146.90,15265.70,11496.50
venezuela,5,6629.40,17706.30,1.24,11076.90,12503.50,8391.60
venezuela,1,6545.50,12167.80,0.68,5622.30,6545.50,12167.80
venezuela,1,5790.20,12671.30,0.84,6881.10,5790.20,12671.30
venezuela,2,6965.00,19384.60,0.79,12419.60,19384.60,6965.00
venezuela,1,13090.90,16111.90,0.14,3021.00,13090.90,16111.90
venezuela,3,6042.00,13174.80,0.37,7132.80,6042.00,7888.10
venezuela,1,6461.50,11076.90,0.18,4615.40,6461.50,11076.90
venezuela,1,5286.70,11664.30,0.72,6377.60,5286.70,11664.30
venezuela,4,7720.30,11076.90,0.17,3356.60,9482.50,11076.90
venezuela,1,14181.80,16783.20,0.14,2601.40,14181.80,16783.20
venezuela,6,15021.00,15524.50,0.10,503.50,15021.00,15524.50
venezuela,1,5958.00,15860.10,0.82,9902.10,5958.00,15860.10
venezuela,1,9062.90,14853.10,0.15,5790.20,9062.90,14853.10
venezuela,2,5370.60,12671.30,1.21,7300.70,12251.70,5370.60
venezuela,1,12251.70,19049.00,0.19,6797.30,12251.70,19049.00
venezuela,2,7972.00,17118.90,0.82,9146.90,17118.90,7972.00
venezuela,1,10657.30,18461.50,0.20,7804.20,10657.30,18461.50
venezuela,4,6209.80,16951.00,0.54,10741.20,16028.00,16951.00
venezuela,2,6209.80,16615.40,0.48,10405.60,16615.40,8055.90
venezuela,4,8307.70,12671.30,0.49,4363.60,12000.00,12671.30
venezuela,2,6125.90,15860.10,0.73,9734.20,15860.10,7384.60
venezuela,2,6125.90,13510.50,0.95,7384.60,13510.50,6377.60
venezuela,1,8475.50,22405.60,0.24,13930.10,8475.50,22405.60
venezuela,5,6545.50,19720.30,1.01,13174.80,10237.80,6545.50
venezuela,5,5454.50,18293.70,1.22,12839.20,12335.70,7552.40
venezuela,1,5874.10,12503.50,0.75,6629.40,5874.10,12503.50
venezuela,1,9398.60,22069.90,0.20,12671.30,9398.60,22069.90
venezuela,2,5538.50,13762.20,1.06,8223.70,13762.20,6713.30
venezuela,1,6629.40,9902.10,0.18,3272.70,6629.40,9902.10
venezuela,1,8391.60,12671.30,0.36,4279.70,8391.60,12671.30
venezuela,1,6629.40,16783.20,0.80,10153.80,6629.40,16783.20
venezuela,5,6293.70,18209.80,1.22,11916.10,13090.90,7552.40
venezuela,1,8643.40,12083.90,0.16,3440.50,8643.40,12083.90
venezuela,4,8391.60,11580.40,0.35,3188.80,11496.50,11580.40
venezuela,3,7972.00,14937.10,1.12,6965.10,7972.00,13594.40
venezuela,1,5370.60,13762.20,1.00,8391.60,5370.60,10489.50
venezuela,4,8559.40,15524.50,0.53,6965.10,13930.10,15524.50
venezuela,3,6042.00,17706.30,0.57,11664.30,12671.30,7384.60
venezuela,2,4867.10,14937.10,0.11,10070.00,14937.10,4867.10
venezuela,4,6293.70,16783.20,0.42,10489.50,15440.60,16783.20
venezuela,1,11748.30,14937.10,0.50,3188.80,11748.30,14937.10
venezuela,2,7300.70,10741.30,0.14,3440.60,10741.30,7300.70
venezuela,1,7468.50,14937.10,0.30,7468.60,7468.50,14937.10
venezuela,1,7972.00,16195.80,0.32,8223.80,7972.00,16195.80
venezuela,1,6965.00,16951.00,0.50,9986.00,6965.00,16951.00
venezuela,4,8055.90,15272.70,0.67,7216.80,15272.70,14433.60
venezuela,3,7552.40,16111.90,0.92,8559.50,9314.70,7552.40
venezuela,1,6965.00,14181.80,0.49,7216.80,6965.00,14181.80
venezuela,3,10573.40,18461.50,0.55,7888.10,11832.20,10573.40
venezuela,3,8139.90,18965.00,0.52,10825.10,8139.90,10069.00
venezuela,5,6545.50,18209.80,0.89,11664.30,6545.50,18042.00
venezuela,3,7552.40,18125.90,0.42,10573.50,7552.40,10825.20
venezuela,5,5874.10,15021.00,0.58,9146.90,15021.00,5874.10
venezuela,4,8391.60,15188.80,0.67,6797.20,14433.60,15188.80
venezuela,1,6125.90,14265.70,0.67,8139.80,6125.90,14265.70
venezuela,1,8811.20,10573.40,0.13,1762.20,8811.20,10573.40
venezuela,1,6461.50,17035.00,0.83,10573.50,6461.50,17035.00
venezuela,4,8307.70,14349.70,0.61,6042.00,13510.50,14349.70
venezuela,2,7720.30,14433.60,0.14,6713.30,14433.60,7720.30
venezuela,5,7552.40,14937.10,1.52,7384.70,8055.90,7552.40
venezuela,4,7216.80,15272.70,0.28,8055.90,15272.70,9902.10
venezuela,2,5846.20,13461.50,1.10,7615.30,13461.50,5846.20
venezuela,2,5769.20,13076.90,1.06,7307.70,13076.90,7076.90
venezuela,2,6692.30,16615.40,0.24,9923.10,16615.40,6692.30
venezuela,3,4615.40,14692.30,0.38,10076.90,4615.40,8769.20
venezuela,4,6153.80,15769.20,0.94,9615.40,9461.50,15769.20
venezuela,1,5230.80,16384.60,0.68,11153.80,5230.80,16384.60
venezuela,5,4384.60,16000.00,2.11,11615.40,9692.30,4384.60
venezuela,5,10461.50,17230.80,1.65,6769.30,15692.30,17230.80
venezuela,1,5461.50,14153.80,0.63,8692.30,5461.50,14153.80
venezuela,1,6307.70,9153.80,0.33,2846.10,6307.70,9153.80
venezuela,2,5153.80,17692.30,0.79,12538.50,17692.30,5153.80
venezuela,1,5692.30,14153.80,0.74,8461.50,5692.30,14153.80
venezuela,1,4384.60,13615.40,0.99,9230.80,4384.60,13615.40
venezuela,5,5769.20,15538.50,1.60,9769.30,10846.20,8153.80
venezuela,1,5307.70,11769.20,0.81,6461.50,5307.70,11769.20
venezuela,3,5307.70,21615.40,1.88,16307.70,5307.70,7230.80
venezuela,1,6000.00,17846.20,0.67,11846.20,6000.00,17846.20
venezuela,1,5461.50,14692.30,0.86,9230.80,5461.50,14692.30
venezuela,5,6076.90,16769.20,1.33,10692.30,16769.20,6076.90
venezuela,1,4153.80,7846.20,0.52,3692.40,4153.80,7846.20
venezuela,2,7076.90,12384.60,0.41,5307.70,12384.60,7076.90
venezuela,5,8076.90,13615.40,0.36,5538.50,9307.70,13615.40
venezuela,2,4384.60,15461.50,0.37,11076.90,14000.00,4384.60
venezuela,2,9846.20,17153.80,0.36,7307.60,15076.90,9846.20
venezuela,5,8384.60,19615.40,0.91,11230.80,10461.50,9692.30
venezuela,2,5307.70,12538.50,0.39,7230.80,11230.80,5461.50
venezuela,4,6230.80,12461.50,0.20,6230.70,12461.50,10615.40
venezuela,4,4923.10,11153.80,0.34,6230.70,11153.80,10692.30
venezuela,1,5615.40,14230.80,0.93,8615.40,5615.40,14230.80
venezuela,2,7769.20,14000.00,0.47,6230.80,14000.00,7769.20
venezuela,3,5692.30,15923.10,1.11,10230.80,5692.30,5846.20
venezuela,1,6538.50,14384.60,1.11,7846.10,6538.50,14384.60
venezuela,1,6153.80,16384.60,0.54,10230.80,7000.00,14923.10
venezuela,5,6692.30,14846.20,1.79,8153.90,10846.20,8692.30
venezuela,3,4615.40,15692.30,1.15,11076.90,4615.40,7615.40
venezuela,1,5230.80,13153.80,0.81,7923.00,5230.80,13153.80
venezuela,1,6153.80,14230.80,0.71,8077.00,6153.80,14230.80
venezuela,3,7615.40,17692.30,0.44,10076.90,13769.20,7615.40
venezuela,3,4230.80,12692.30,1.28,8461.50,5615.40,4230.80
venezuela,1,14307.70,16384.60,0.16,2076.90,14307.70,16384.60
venezuela,1,5230.80,14076.90,0.73,8846.10,5230.80,14076.90
venezuela,1,6000.00,17692.30,0.76,11692.30,6000.00,17692.30
venezuela,4,6076.90,10000.00,0.40,3923.10,7615.40,10000.00
venezuela,2,5307.70,13692.30,1.02,8384.60,13538.50,5307.70
venezuela,3,5846.20,13307.70,1.72,7461.50,5769.20,8000.00
venezuela,1,10307.70,22461.50,0.28,12153.80,10307.70,22461.50
venezuela,5,6769.20,16000.00,1.70,9230.80,8153.80,10538.50
venezuela,5,4769.20,22307.70,1.84,17538.50,22307.70,7461.50
venezuela,5,5692.30,14846.20,1.00,9153.90,14846.20,6538.50
venezuela,1,5000.00,14769.20,1.00,9769.20,5000.00,14769.20
venezuela,1,5000.00,8153.80,0.32,3153.80,5000.00,8153.80
venezuela,2,4846.20,21384.60,0.54,16538.40,21384.60,4846.20
venezuela,1,8846.20,20000.00,1.55,11153.80,10076.90,13307.70
venezuela,2,4461.50,11000.00,0.21,6538.50,11000.00,4461.50
venezuela,2,5923.10,13230.80,1.09,7307.70,13230.80,7384.60
venezuela,1,9230.80,23153.80,0.29,13923.00,9230.80,23153.80
venezuela,1,4846.20,10846.20,0.70,6000.00,4846.20,10846.20
venezuela,2,4538.50,23461.50,0.89,18923.00,23461.50,4538.50
venezuela,3,6230.80,16538.50,1.69,10307.70,6230.80,8076.90
venezuela,5,4538.50,14153.80,0.96,9615.30,13692.30,4538.50
venezuela,5,5846.20,17461.50,1.41,11615.30,5846.20,17461.50
venezuela,2,5384.60,20846.20,0.91,15461.60,20846.20,5384.60
venezuela,2,5384.60,9692.30,0.26,4307.70,9692.30,7076.90
venezuela,1,5923.10,12538.50,0.57,6615.40,5923.10,12538.50
venezuela,2,4846.20,14461.50,0.33,9615.30,14461.50,5000.00
venezuela,5,4307.70,19461.50,0.90,15153.80,19461.50,7384.60
venezuela,5,6615.40,22153.80,2.44,15538.40,10230.80,14538.50
venezuela,4,8384.60,17076.90,1.33,8692.30,15692.30,17076.90
venezuela,5,4384.60,15000.00,0.65,10615.40,11076.90,4384.60
venezuela,1,5846.20,12307.70,0.61,6461.50,5846.20,12307.70
venezuela,1,8846.20,17846.20,0.48,9000.00,8846.20,17846.20
venezuela,5,4384.60,15307.70,0.72,10923.10,14076.90,4384.60
venezuela,5,7846.20,20692.30,1.15,12846.10,11230.80,20692.30
venezuela,1,5000.00,14769.20,0.74,9769.20,5000.00,14769.20
venezuela,1,6384.60,12000.00,0.56,5615.40,6384.60,12000.00
venezuela,5,4461.50,16000.00,2.11,11538.50,7769.20,7461.50
venezuela,1,4923.10,13076.90,0.57,8153.80,4923.10,13076.90
venezuela,5,8769.20,18923.10,0.40,10153.90,12000.00,18923.10
venezuela,3,6307.70,15230.80,1.22,8923.10,6307.70,9461.50
venezuela,3,6846.20,15307.70,1.08,8461.50,6846.20,7153.80
venezuela,3,10076.90,16461.50,0.56,6384.60,10076.90,10846.20
venezuela,1,5846.20,12000.00,0.83,6153.80,5846.20,12000.00
venezuela,5,3692.30,15538.50,1.24,11846.20,9692.30,5846.20
venezuela,1,4846.20,17384.60,0.92,12538.40,4846.20,17384.60
venezuela,5,4538.50,14538.50,1.66,10000.00,4538.50,7923.10
venezuela,5,4615.40,15461.50,1.42,10846.10,6846.20,5153.80
venezuela,1,5846.20,16461.50,0.96,10615.30,5846.20,16461.50
venezuela,1,4538.50,19615.40,0.89,15076.90,4538.50,19615.40
venezuela,1,6076.90,11384.60,0.56,5307.70,6076.90,11384.60
venezuela,5,4461.50,15000.00,0.82,10538.50,13923.10,5615.40
venezuela,5,7384.60,17692.30,1.63,10307.70,8923.10,8769.20
venezuela,5,5153.80,13615.40,1.05,8461.60,5153.80,6153.80
venezuela,5,5000.00,15538.50,1.27,10538.50,15538.50,15384.60
venezuela,5,4769.20,14538.50,0.88,9769.30,4769.20,14538.50
venezuela,5,7384.60,11000.00,0.51,3615.40,8384.60,7769.20
venezuela,5,8000.00,12769.20,0.48,4769.20,12692.30,10384.60
venezuela,1,9923.10,23615.40,0.20,13692.30,9923.10,23615.40
venezuela,1,9692.30,20692.30,0.30,11000.00,9692.30,20692.30
venezuela,5,6153.80,17923.10,1.25,11769.30,10307.70,9846.20
venezuela,5,11153.80,20230.80,0.45,9077.00,11153.80,20230.80
venezuela,5,6153.80,20000.00,2.00,13846.20,9000.00,10153.80
venezuela,3,4230.80,16153.80,1.33,11923.00,4230.80,7230.80
venezuela,5,6230.80,18615.40,1.14,12384.60,12000.00,9000.00
venezuela,3,5384.60,16923.10,1.38,11538.50,5384.60,5769.20
venezuela,3,6230.80,23076.90,0.95,16846.10,14153.80,6230.80
venezuela,5,6307.70,19307.70,1.22,13000.00,10692.30,8153.80
venezuela,3,5307.70,15230.80,1.19,9923.10,5307.70,6846.20
venezuela,5,6307.70,18000.00,1.03,11692.30,11076.90,9230.80
venezuela,3,4000.00,13000.00,1.07,9000.00,4000.00,6692.30
venezuela,5,6153.80,18538.50,2.23,12384.70,13692.30,11384.60
venezuela,5,6461.50,19153.80,1.03,12692.30,14000.00,8000.00
venezuela,5,6538.50,18769.20,2.79,12230.70,11000.00,8000.00
venezuela,1,5153.80,14538.50,0.79,9384.70,5153.80,14538.50
venezuela,3,5846.20,12076.90,0.73,6230.70,5846.20,8230.80
venezuela,1,4923.10,16461.50,0.22,11538.40,4923.10,16461.50
venezuela,2,4538.50,15923.10,0.46,11384.60,15923.10,4538.50
venezuela,1,7153.80,20769.20,0.33,13615.40,7153.80,20769.20
venezuela,5,10769.20,20153.80,0.52,9384.60,20153.80,13307.70
venezuela,2,4153.80,19846.20,1.64,15692.40,19846.20,4153.80
venezuela,2,7076.90,22307.70,1.55,15230.80,22307.70,7076.90
venezuela,2,6384.60,18384.60,1.76,12000.00,18384.60,6384.60
venezuela,3,6769.20,22000.00,1.92,15230.80,14307.70,6769.20
venezuela,3,5846.20,22923.10,2.01,17076.90,13923.10,5846.20
venezuela,2,5923.10,15538.50,1.34,9615.40,15538.50,5923.10
venezuela,2,7384.60,18461.50,1.39,11076.90,18461.50,7384.60
venezuela,3,5692.30,20846.20,1.09,15153.90,12461.50,5692.30
venezuela,2,9769.20,18153.80,1.03,8384.60,18153.80,9769.20
venezuela,1,11769.20,16461.50,0.39,4692.30,11769.20,16461.50
venezuela,4,7307.70,16769.20,1.00,9461.50,16461.50,16769.20
venezuela,1,6076.90,15000.00,0.45,8923.10,6076.90,15000.00
venezuela,2,9615.40,12384.60,0.40,2769.20,12384.60,9615.40
venezuela,6,8769.20,10000.00,0.68,1230.80,10000.00,8769.20
venezuela,3,6076.90,15461.50,1.70,9384.60,6076.90,8307.70
venezuela,1,6769.20,13153.80,0.58,6384.60,9846.20,13153.80
venezuela,5,6461.50,17769.20,1.12,11307.70,7538.50,17769.20
venezuela,2,4923.10,19153.80,0.41,14230.70,19153.80,4923.10
venezuela,5,6076.90,16384.60,0.78,10307.70,6076.90,9307.70
venezuela,2,6230.80,15923.10,0.92,9692.30,15153.80,6230.80
venezuela,5,6307.70,16923.10,0.80,10615.40,6307.70,11846.20
venezuela,2,6076.90,13615.40,0.34,7538.50,13615.40,6076.90
venezuela,6,10615.40,12461.50,0.20,1846.10,12461.50,11538.50
venezuela,4,6538.50,16153.80,0.58,9615.30,16153.80,13153.80
venezuela,2,4846.20,21846.20,0.18,17000.00,20538.50,4846.20
venezuela,1,8384.60,10846.20,0.16,2461.60,8384.60,10846.20
venezuela,3,6153.80,13846.20,0.76,7692.40,7615.40,6153.80
venezuela,2,6384.60,17076.90,0.57,10692.30,17076.90,6384.60
venezuela,4,9846.20,15846.20,0.28,6000.00,13076.90,15846.20
venezuela,2,5615.40,19000.00,0.67,13384.60,19000.00,6230.80
venezuela,5,4538.50,19846.20,0.76,15307.70,17461.50,4538.50
venezuela,5,6153.80,17769.20,0.64,11615.40,6769.20,17769.20
venezuela,5,6153.80,16615.40,0.72,10461.60,7153.80,8461.50
venezuela,1,7153.80,14153.80,0.30,7000.00,7769.20,14153.80
venezuela,4,7230.80,14153.80,0.58,6923.00,12769.20,13846.20
venezuela,5,4461.50,20692.30,0.55,16230.80,13769.20,4461.50
venezuela,6,10461.50,11692.30,0.12,1230.80,11692.30,11615.40
venezuela,2,8076.90,13692.30,0.58,5615.40,13692.30,8076.90
venezuela,2,6153.80,13846.20,0.99,7692.40,13846.20,6153.80
venezuela,4,7615.40,13846.20,0.44,6230.80,13846.20,13692.30
venezuela,2,10230.80,13384.60,0.27,3153.80,13384.60,10230.80
venezuela,2,5153.80,12307.70,0.34,7153.90,12307.70,5153.80
venezuela,4,5923.10,12692.30,1.00,6769.20,9923.10,12692.30
venezuela,1,6769.20,13461.50,0.97,6692.30,6769.20,13461.50
venezuela,1,6076.90,12846.20,0.59,6769.30,6076.90,12846.20
venezuela,5,4538.50,16769.20,1.07,12230.70,4538.50,14153.80
venezuela,1,5769.20,16076.90,0.83,10307.70,5769.20,16076.90
venezuela,1,5923.10,7615.40,0.23,1692.30,5923.10,7615.40
venezuela,4,5615.40,10153.80,0.79,4538.40,9538.50,10153.80
venezuela,1,5538.50,15076.90,0.85,9538.40,5538.50,15076.90
venezuela,2,7230.80,14538.50,0.17,7307.70,14538.50,7538.50
venezuela,1,4307.70,17000.00,0.93,12692.30,4307.70,17000.00
venezuela,1,5461.50,13692.30,0.85,8230.80,5461.50,13692.30
venezuela,2,6153.80,14076.90,0.49,7923.10,14076.90,6153.80
venezuela,4,5461.50,11000.00,0.83,5538.50,10153.80,11000.00
venezuela,3,2692.30,19461.50,1.15,16769.20,2692.30,7307.70
venezuela,1,5615.40,7230.80,0.23,1615.40,5615.40,7230.80
venezuela,1,4923.10,14846.20,0.35,9923.10,8923.10,14846.20
venezuela,4,5615.40,12384.60,0.90,6769.20,10000.00,12384.60
venezuela,1,4230.80,17846.20,1.22,13615.40,4230.80,17846.20
venezuela,5,5000.00,16076.90,0.97,11076.90,14923.10,5000.00
venezuela,3,5079.90,16076.90,1.19,10997.00,5076.90,5615.40
venezuela,2,6076.90,13923.10,1.10,7846.20,13923.10,6076.90
venezuela,4,7461.50,13615.40,0.59,6153.90,13692.30,13615.40
venezuela,4,6692.30,13692.30,0.42,7000.00,13692.30,12230.80
venezuela,2,9153.80,16769.20,0.68,7615.40,14615.40,9153.80
venezuela,5,8461.50,15000.00,0.73,6538.50,10846.20,15000.00
venezuela,2,6846.20,18384.60,0.16,11538.40,18384.60,7846.20
venezuela,4,6384.60,20153.80,0.50,13769.20,20153.80,13384.60
venezuela,1,5230.80,14384.60,0.47,9153.80,5230.80,14384.60
venezuela,1,6692.30,20000.00,0.47,13307.70,6692.30,20000.00
venezuela,1,6076.90,16000.00,0.49,9923.10,6076.90,16000.00
venezuela,5,6230.80,16307.70,0.77,10076.90,16307.70,8000.00
venezuela,5,6076.90,16769.20,0.72,10692.30,16769.20,9000.00
venezuela,1,6307.70,15384.60,0.50,9076.90,6307.70,15384.60
venezuela,5,5846.20,17384.60,0.82,11538.40,15000.00,8692.30
venezuela,5,4076.90,17230.80,2.02,13153.90,8153.80,4307.70
venezuela,5,4230.80,16538.50,1.74,12307.70,4307.70,5000.00
venezuela,1,4461.50,16307.70,1.16,11846.20,4461.50,16307.70
venezuela,1,8153.80,13692.30,0.58,5538.50,10461.50,13692.30
venezuela,6,10692.30,13384.60,0.59,2692.30,11769.20,10692.30
venezuela,2,7923.10,12230.80,0.63,4307.70,9692.30,7923.10
venezuela,5,6307.70,11000.00,0.27,4692.30,8538.50,7923.10
venezuela,1,10461.50,16769.20,0.29,6307.70,10461.50,16769.20
venezuela,1,10846.20,15076.90,0.26,4230.70,10846.20,15076.90
venezuela,4,10461.50,18538.50,0.31,8077.00,16923.10,18538.50
venezuela,1,9230.80,18461.50,0.22,9230.70,9230.80,18461.50
venezuela,4,10076.90,18000.00,0.35,7923.10,16769.20,18000.00
venezuela,1,12615.40,18000.00,0.12,5384.60,12615.40,18000.00
venezuela,4,9923.10,18692.30,0.34,8769.20,17153.80,18692.30
venezuela,4,10923.10,18846.20,0.36,7923.10,16230.80,18846.20
venezuela,3,7384.60,21076.90,0.69,13692.30,10307.70,7384.60
venezuela,3,6692.30,22692.30,0.62,16000.00,11230.80,6692.30
venezuela,3,6692.30,22615.40,0.81,15923.10,8461.50,6692.30
venezuela,1,9923.10,13076.90,0.13,3153.80,9923.10,13076.90
venezuela,1,10384.60,14000.00,0.22,3615.40,11923.10,14000.00
venezuela,3,6923.10,22538.50,0.68,15615.40,8153.80,6923.10
venezuela,5,6923.10,18153.80,1.22,11230.70,8000.00,6923.10
venezuela,3,6923.10,23538.50,0.72,16615.40,10153.80,6923.10
venezuela,3,6076.90,18384.60,0.67,12307.70,7538.50,6076.90
venezuela,5,8153.80,15230.80,0.79,7077.00,8615.40,13000.00
venezuela,2,7769.20,10230.80,0.21,2461.60,9692.30,7769.20
venezuela,3,8538.50,15000.00,0.98,6461.50,10923.10,8538.50
venezuela,1,5538.50,15307.70,0.83,9769.20,5538.50,15307.70
venezuela,4,12230.80,15230.80,0.58,3000.00,15230.80,14769.20
venezuela,1,4076.90,10230.80,0.68,6153.90,4307.70,10230.80
venezuela,1,13230.80,16384.60,0.23,3153.80,13230.80,16384.60
venezuela,2,6384.60,14769.20,0.58,8384.60,14769.20,7153.80
venezuela,1,5153.80,13000.00,0.80,7846.20,5153.80,13000.00
venezuela,5,6307.70,15538.50,0.66,9230.80,9923.10,14384.60
venezuela,1,5384.60,13384.60,1.02,8000.00,5384.60,13384.60
venezuela,3,5076.90,17615.40,1.13,12538.50,5076.90,11307.70
venezuela,5,4923.10,13461.50,0.92,8538.40,6846.20,12538.50
venezuela,5,6307.70,14846.20,0.86,8538.50,8692.30,14846.20
venezuela,2,7153.80,14230.80,0.19,7077.00,14230.80,7153.80
venezuela,2,6846.20,17000.00,0.57,10153.80,17000.00,6846.20
venezuela,1,9846.20,17846.20,0.31,8000.00,9846.20,17846.20
venezuela,2,6692.30,14846.20,0.77,8153.90,14846.20,8000.00
venezuela,3,6923.10,16615.40,0.83,9692.30,10230.80,8230.80
venezuela,1,11000.00,13846.20,0.33,2846.20,11000.00,13846.20
venezuela,2,7692.30,13307.70,0.31,5615.40,13307.70,7692.30
venezuela,5,6615.40,16000.00,1.57,9384.60,14000.00,13461.50
venezuela,1,11307.70,13000.00,0.13,1692.30,11307.70,13000.00
venezuela,5,6153.80,16230.80,1.41,10077.00,11461.50,12692.30
venezuela,3,10769.20,15538.50,0.50,4769.30,11692.30,10769.20
venezuela,1,11846.20,15384.60,0.52,3538.40,11846.20,15384.60
venezuela,3,5846.20,16846.20,1.08,11000.00,9076.90,5846.20
venezuela,3,7615.40,13538.50,0.85,5923.10,10538.50,7615.40
venezuela,5,7538.50,15461.50,2.59,7923.00,8384.60,10230.80
venezuela,3,7846.20,14076.90,1.12,6230.70,8307.70,10615.40
venezuela,1,7769.20,12230.80,0.44,4461.60,7769.20,12230.80
venezuela,2,7615.40,12000.00,0.35,4384.60,12000.00,10153.80
venezuela,5,7461.50,14769.20,2.17,7307.70,8384.60,14000.00
venezuela,5,8000.00,13538.50,1.49,5538.50,13538.50,15615.40
venezuela,6,14923.10,16615.40,0.15,1692.30,16615.40,14923.10
venezuela,5,8000.00,14615.40,3.13,6615.40,8692.30,9615.40
spsp,3,9000.00,12436.40,0.43,3436.40,9000.00,9000.00
spsp,3,5931.80,12395.50,0.74,6463.60,9736.40,5931.80
spsp,3,8950.00,10954.00,0.55,2003.70,9662.30,8950.00
spsp,2,11220.80,13936.90,0.74,2716.10,13001.90,11220.80
spsp,2,11820.20,14696.60,0.78,2876.40,14696.60,11820.20
spsp,5,6831.80,15422.70,1.25,8590.90,13172.70,6831.80
spsp,3,5932.00,12109.10,0.52,6177.30,10390.90,5931.80
spsp,5,6668.20,16609.10,1.37,9940.90,14604.50,6668.20
spsp,5,7281.80,17509.10,1.62,10227.30,10636.40,7281.80
spsp,5,8345.50,16200.00,1.43,7854.50,13581.80,8345.50
spsp,5,7118.20,22050.00,1.45,14931.80,20250.00,7118.20
spsp,3,7609.00,15381.80,0.44,7772.70,11086.40,7609.10
spsp,5,8795.50,22009.10,1.04,13213.60,21559.10,8795.50
spsp,5,7855.00,22050.00,1.28,14195.50,18736.40,11250.00
spsp,5,6872.70,20945.50,1.39,14072.70,8959.10,6872.70
spsp,5,8550.00,22009.10,1.46,13459.10,22009.10,8550.00
spsp,5,8754.50,22050.00,1.31,13295.50,22050.00,8754.50
spsp,3,6505.00,13091.00,1.73,6586.40,6505.00,7486.00
spsp,5,7855.00,22009.10,1.57,14154.50,19023.00,7854.50
spsp,5,7936.00,22050.00,1.59,14113.60,19022.70,7936.40
spsp,5,9572.70,20004.50,1.35,10431.80,20004.50,9572.70
spsp,5,9696.00,22009.00,1.46,12313.60,22009.10,9695.50
spsp,5,9123.00,12109.00,0.85,2986.40,11086.00,11700.00
spsp,5,8673.00,12109.00,0.90,3436.40,11168.00,10473.00
spsp,5,9205.00,12232.00,0.79,3027.30,11496.00,12109.00
spsp,5,9286.40,12150.00,0.82,2863.60,10677.00,12027.00
spsp,5,7159.00,12191.00,0.86,5031.80,10677.00,11005.00
spsp,5,9900.00,12027.00,0.86,2127.30,11455.00,11168.00
spsp,5,5114.00,12232.00,1.04,7118.20,11455.00,5114.00
spsp,5,6095.50,12436.40,1.01,6340.90,10923.00,9941.00
spsp,5,6095.50,11986.40,0.94,5890.90,11209.10,6096.00
spsp,5,8386.00,11863.60,1.07,3477.30,9573.00,9859.00
spsp,5,6791.00,12150.00,0.98,5359.10,9450.00,10023.00
spsp,5,8672.70,11986.40,0.97,3313.60,10677.00,8673.00
spsp,5,7281.80,12150.00,0.94,4868.20,11414.00,10268.00
spsp,5,6546.00,12232.00,0.98,5686.40,11209.10,6545.50
spsp,5,7118.00,12354.50,1.02,5236.40,11005.00,10064.00
spsp,5,7568.00,12190.90,1.11,4622.70,9736.00,7568.00
spsp,5,7200.00,12109.10,1.03,4909.10,10636.00,8632.00
spsp,5,6586.00,12068.00,0.96,5481.80,9859.10,9900.00
spsp,5,6709.00,12355.00,0.98,5645.50,9532.00,9777.00
spsp,5,7241.00,12150.00,1.06,4909.10,10146.00,7241.00
spsp,5,8713.60,12109.10,0.86,3395.50,11209.10,10636.00
spsp,5,7896.00,12313.60,0.93,4418.20,11496.00,7896.00
spsp,5,8631.80,12231.80,0.94,3600.00,11005.00,8631.80
spsp,5,6709.10,12150.00,1.01,5440.90,10636.00,6709.10
spsp,3,4809.00,11533.00,1.07,6723.60,6545.50,4808.90
spsp,1,6367.00,10998.10,0.60,4630.80,6367.00,10998.00
spsp,2,4719.90,12111.30,0.77,7391.50,12111.00,4720.00
spsp,3,5521.30,12779.20,0.92,7257.90,6189.00,5521.00
spsp,3,5477.00,13492.00,0.88,8014.80,7392.00,5477.00
spsp,2,6411.90,11577.00,0.45,5165.10,11577.00,6411.90
spsp,3,5654.90,12289.40,0.81,6634.50,10419.30,5654.90
spsp,3,5165.10,12244.90,0.92,7079.80,5165.10,5165.10
spsp,2,6456.40,12289.40,0.43,5833.00,12289.40,6456.40
spsp,2,7570.00,23510.20,1.01,15940.60,23510.20,7570.00
spsp,2,6456.00,18745.80,1.12,12289.40,18745.80,6456.00
spsp,2,8905.00,21863.00,1.18,12957.30,21863.00,8905.00
spsp,3,6902.00,17009.00,0.62,10107.60,6902.00,13580.70
spsp,2,8282.00,17187.40,0.56,8905.40,17187.40,8282.00
spsp,2,6144.70,11755.10,0.41,5610.40,11755.10,6144.70
spsp,1,6055.70,11354.40,0.66,5298.70,6055.70,11354.40
spsp,2,8326.50,16831.20,0.78,8504.60,16831.20,8326.50
spsp,2,6456.40,22530.60,1.08,16074.20,22530.60,6456.40
spsp,2,6100.20,14649.40,0.69,8549.20,14649.40,6100.20
spsp,2,7792.20,20304.30,1.26,12512.10,20304.30,7792.20
spsp,2,8371.10,16118.70,0.60,7747.70,16118.70,8371.10
spsp,2,7213.40,15005.60,0.78,7792.20,15005.60,7213.40
spsp,2,8771.80,23732.80,1.12,14961.00,23732.80,8771.80
spsp,2,6634.50,22352.50,0.91,15718.00,22352.50,6634.50
spsp,2,6367.30,18033.40,0.86,11666.00,18033.40,6367.30
spsp,2,10107.60,20126.20,0.67,10018.60,20126.20,10107.60
spsp,2,8282.00,21862.70,0.86,13580.70,21862.70,8282.00
spsp,2,10641.90,22842.30,0.86,12200.40,22842.30,10641.90
spsp,2,7124.00,17988.90,0.70,10864.60,17988.90,7124.00
spsp,2,11799.60,20304.30,0.50,8504.60,20304.30,11799.60
spsp,2,6145.00,14026.00,0.48,7881.30,14026.00,6145.00
spsp,2,9795.90,19725.40,0.77,9929.50,19725.40,9795.90
spsp,3,8237.50,11176.30,0.41,2938.80,8237.50,8237.50
spsp,5,6278.30,15762.50,1.52,9484.20,8326.50,6278.30
spsp,1,6812.60,14693.90,0.25,7881.30,6812.60,14693.90
spsp,2,4675.30,14471.20,0.56,9795.90,14471.20,4675.30
spsp,2,5476.80,18745.80,0.69,13269.00,18745.80,5476.80
spsp,2,9261.60,16786.60,0.42,6990.70,16786.60,9261.60
spsp,5,6278.30,16608.50,1.37,10330.20,16608.50,6278.30
spsp,5,5788.50,20215.20,1.36,14426.70,16564.00,5788.50
spsp,2,10597.40,24000.00,0.96,13402.60,24000.00,10597.40
spsp,2,10909.10,20348.80,0.66,9439.70,20348.80,10909.10
spsp,2,11889.00,22708.70,0.75,10820.00,22708.70,11889.00
spsp,5,6011.10,22842.30,1.67,16831.20,21951.80,6011.10
spsp,5,9662.30,21684.60,2.73,12022.30,21684.60,12022.30
spsp,5,8994.40,21996.30,2.36,13001.90,14471.00,8994.40
spsp,2,5388.00,12734.70,0.60,7346.90,12734.70,5388.00
spsp,3,6322.80,14827.50,0.89,8504.60,6322.80,6322.80
spsp,2,6723.60,14248.60,0.63,7525.00,14248.60,6723.60
spsp,2,10820.00,17899.80,0.40,7079.80,17899.80,10820.00
spsp,2,17410.00,23866.40,0.30,6456.40,23866.40,17410.00
spsp,3,6634.50,11398.90,0.79,4764.40,6634.50,6634.50
spsp,3,6011.00,11666.00,0.99,5654.90,6946.20,6011.00
spsp,5,6546.00,19993.00,1.12,13447.10,17454.50,6546.00
spsp,2,8727.00,13358.00,0.99,4630.80,12734.70,8727.00
spsp,1,6768.10,12645.60,0.59,5877.60,6768.10,12645.60
spsp,2,7659.00,14738.40,0.49,7079.80,14738.40,7659.00
spsp,2,7703.00,14204.10,0.42,6500.90,14204.10,7703.00
spsp,3,6145.00,12156.00,0.64,6011.10,8949.90,6145.00
spsp,3,7525.00,15361.80,0.65,7836.70,7525.00,7525.00
spsp,3,14694.00,24000.00,0.49,9306.10,14738.00,19547.30
spsp,3,14916.50,21551.00,0.26,6634.50,16029.70,14916.50
spsp,1,12245.00,20037.10,0.13,7792.20,12245.00,20037.10
spsp,1,15228.00,21907.00,0.12,6679.00,15228.00,21907.00
spsp,3,15674.00,20616.00,0.13,4942.50,15674.00,18701.30
spsp,2,8861.00,11176.00,0.37,2315.40,11176.00,8861.00
spsp,1,7659.00,10909.00,0.39,3250.50,7659.00,10909.00
spsp,5,5789.00,14783.00,1.93,8994.40,8192.90,8994.40
spsp,3,8505.00,13936.90,0.69,5432.30,8505.00,9439.70
spsp,2,5610.40,14026.00,0.70,8415.60,14026.00,5610.40
spsp,5,6144.70,11398.90,2.12,5254.20,10686.50,6144.70
spsp,5,4497.20,15139.10,1.23,10641.90,12334.00,4497.20
spsp,5,5432.00,17766.20,0.92,12334.00,5432.00,6367.30
spsp,5,4853.40,18256.00,0.88,13402.60,4853.40,5521.30
spsp,5,5254.20,17721.70,0.85,12467.50,5254.20,6100.20
spsp,3,10953.60,18345.10,0.25,7391.50,10953.60,12066.80
spsp,2,8949.90,14382.20,0.71,5432.30,14382.20,8949.90
spsp,2,6100.00,8015.00,0.41,1914.70,8015.00,6100.00
spsp,4,6902.00,10553.00,0.46,3651.20,10553.00,8415.60
spsp,1,4274.60,12823.70,1.71,8549.20,4274.60,12334.00
spsp,3,6411.90,15361.80,0.34,8949.90,6411.90,13625.20
spsp,1,4275.00,12868.30,0.68,8593.70,4275.00,12868.30
spsp,1,4185.50,12244.90,0.55,8059.40,4185.50,12244.90
spsp,2,11265.30,13402.60,0.87,2137.30,13402.60,11265.30
spsp,2,10419.30,14604.80,0.83,4185.50,14604.80,10419.30
spsp,2,10108.00,12646.00,1.02,2538.00,12646.00,10108.00
spsp,1,12557.00,16341.00,0.22,3784.80,12557.00,16341.00
spsp,3,9573.30,16564.00,0.26,6990.70,9573.30,12779.20
spsp,3,4630.80,15584.40,0.48,10953.60,9840.40,4630.80
spsp,1,6322.80,13758.80,0.56,7436.00,6322.80,13758.80
spsp,3,6590.00,13625.20,0.77,7035.30,6590.00,11666.00
spsp,1,12022.30,14649.40,0.48,2627.10,12022.30,14649.40
spsp,3,5967.00,15495.40,0.57,9528.80,7614.10,5967.00
spsp,3,8460.10,15851.60,0.40,7391.50,8460.10,9662.30
spsp,2,5477.00,12957.30,0.52,7480.50,12957.30,5477.00
spsp,2,4853.40,8593.70,0.71,3740.30,8593.70,4853.40
spsp,2,5032.00,8371.10,0.70,3339.50,8371.10,5032.00
spsp,2,5076.00,10063.10,0.72,4987.00,10063.10,5076.00
spsp,3,4853.40,14649.40,0.69,9795.90,4853.40,9083.50
spsp,3,4319.10,15005.60,0.66,10686.50,4319.10,5966.60
spsp,5,4185.50,15317.30,1.33,11131.70,4185.50,4853.40
spsp,2,5121.00,8727.00,0.77,3606.70,8727.00,5121.00
spsp,2,4096.50,12066.80,0.59,7970.30,12066.80,4096.50
spsp,1,4363.60,10241.20,0.34,5877.60,4363.60,10241.20
spsp,5,5298.70,12155.80,0.76,6857.10,12155.80,5298.70
spsp,3,5209.60,12690.20,2.23,7480.50,5209.60,6055.70
spsp,1,6189.20,13936.90,0.65,7747.70,6189.20,13936.90
spsp,5,5610.40,12868.30,0.75,7257.90,12868.30,5610.40
spsp,5,4987.00,12378.50,0.54,7391.50,12378.50,4987.00
spsp,5,5789.00,12690.20,0.72,6901.70,12690.20,5789.00
spsp,5,5298.70,12467.50,0.48,7168.80,12467.50,5298.70
spsp,5,6812.60,12556.60,0.68,5744.00,12556.60,6812.60
spsp,5,8549.20,16653.10,1.56,8103.90,15985.00,9662.30
spsp,5,10063.10,16608.50,0.65,6545.50,15183.70,14204.10
spsp,5,5298.70,12556.60,1.13,7257.90,8059.40,5298.70
spsp,5,5299.00,12556.60,1.03,7257.90,12556.60,5299.00
spsp,5,4452.70,15985.20,1.66,11532.50,4452.70,4452.70
spsp,5,7035.30,12512.10,0.95,5476.80,12512.10,7035.30
spsp,5,4408.00,16430.40,1.52,12022.30,4408.00,5076.10
spsp,5,4898.00,12556.60,0.67,7658.60,12556.60,4898.00
spsp,5,5121.00,16163.30,0.95,11042.70,6456.40,5121.00
spsp,5,5165.00,12824.00,1.03,7658.60,12824.00,5165.00
spsp,5,5476.80,12645.60,1.04,7168.80,12645.60,5476.80
spsp,5,4987.00,12957.30,0.51,7970.30,10641.90,4987.00
spsp,5,6055.70,12645.60,0.69,6590.00,12645.60,6055.70
spsp,5,4764.00,12645.60,1.11,7881.30,12645.60,4764.00
spsp,1,5076.00,13090.90,0.65,8014.80,5076.00,13090.90
spsp,1,5610.00,12823.70,0.51,7213.40,5610.00,12823.70
spsp,1,5699.00,13090.90,0.62,7391.50,5699.00,13090.90
spsp,2,4898.00,12957.30,0.51,8059.40,12957.30,4898.00
spsp,5,5165.10,12378.50,0.77,7213.40,7480.50,5165.10
spsp,3,4453.00,13001.90,2.15,8549.20,4453.00,6634.50
spsp,5,5788.50,15940.60,1.60,10152.10,8949.90,5788.50
spsp,5,5744.00,12823.70,0.74,7079.80,9617.80,5744.00
spsp,5,4987.00,13001.90,0.76,8014.80,13001.90,4987.00
spsp,5,4942.50,15762.50,1.19,10820.00,7391.50,4942.50
spsp,5,5209.60,16385.90,1.03,11176.30,5209.60,6857.10
spsp,3,4987.00,13313.50,1.10,8326.50,4987.00,5477.00
spsp,3,4631.00,13314.00,1.02,8682.70,4631.00,5387.80
spsp,5,5031.50,12556.60,0.91,7525.00,12556.60,5031.50
spsp,5,4898.00,12779.20,0.54,7881.30,4898.00,4898.00
spsp,5,6144.70,12601.10,0.57,6456.40,8371.10,6144.70
spsp,5,5476.80,15584.40,0.71,10107.60,11087.20,15584.40
spsp,5,8238.00,19903.50,0.89,11666.00,19903.50,8238.00
spsp,5,7970.30,21150.30,0.91,13180.00,15628.90,13090.90
spsp,5,6634.50,12779.20,0.54,6144.70,6634.50,11443.40
spsp,5,5744.00,22218.90,0.70,16475.00,14693.90,5744.00
spsp,5,7614.10,22441.60,0.72,14827.50,16964.70,7614.10
spsp,5,4051.90,13046.40,0.67,8994.40,13046.40,4051.90
spsp,5,5476.80,12512.10,1.11,7035.30,9128.00,5476.80
spsp,5,5254.00,13447.10,0.83,8192.90,6812.60,5254.00
spsp,5,5477.00,12868.30,1.04,7391.50,6946.20,5477.00
spsp,5,5343.00,13046.40,0.51,7703.20,7480.50,5343.00
spsp,5,5610.00,12735.00,0.93,7124.30,7079.80,5610.00
spsp,5,5343.20,13090.90,0.91,7747.70,11443.40,5343.20
spsp,3,4764.40,16742.10,0.58,11977.70,4764.40,6634.50
spsp,5,5388.00,16074.00,1.65,10686.50,5388.00,7391.50
spsp,5,5521.30,12334.00,0.68,6812.60,12334.00,5521.30
spsp,5,5565.90,16475.00,1.19,10909.10,5565.90,7302.40
spsp,5,5254.00,12512.00,0.83,7257.90,7436.00,5254.00
spsp,5,4453.00,12067.00,0.49,7614.10,11265.30,4453.00
spsp,3,5477.00,15762.50,0.65,10285.70,5477.00,8326.50
spsp,5,8193.00,12468.00,0.45,4274.60,8193.00,8193.00
spsp,5,5922.00,13803.00,0.80,7881.30,6634.50,5922.00
spsp,5,5566.00,12512.00,0.97,6946.20,7703.20,5566.00
spsp,5,4542.00,16609.00,1.34,12066.80,4542.00,4542.00
spsp,5,4808.90,16920.20,1.12,12111.30,4808.90,11087.20
spsp,1,8371.00,13002.00,0.63,4630.80,8371.00,13002.00
spsp,5,5877.60,15851.60,0.68,9974.00,5877.60,8905.40
spsp,2,5521.00,8861.00,0.96,3339.50,8861.00,5521.00
spsp,2,5343.20,7213.40,0.72,1870.10,7213.40,5343.20
spsp,2,5165.00,7881.00,1.40,2716.10,7881.00,5165.00
spsp,2,5254.00,7347.00,0.76,2092.80,7347.00,5254.00
spsp,2,5209.60,7836.70,0.75,2627.10,7836.70,5209.60
spsp,2,5076.00,10241.00,0.85,5165.10,10241.00,5076.00
spsp,2,5521.30,9573.30,0.99,4051.90,9573.30,5521.30
spsp,2,5076.10,11354.40,1.14,6278.30,11354.40,5076.10
spsp,2,4898.00,9039.00,0.97,4141.00,9039.00,4898.00
spsp,2,5031.50,8682.70,0.79,3651.20,8682.70,5031.50
spsp,2,5521.30,10731.00,0.83,5209.60,10731.00,5521.30
spsp,3,5032.00,13670.00,0.87,8638.20,5032.00,5032.00
spsp,3,5476.80,14293.10,0.77,8816.30,6011.10,5476.80
spsp,3,5254.20,12823.70,0.89,7569.60,7079.80,5254.20
spsp,3,5343.20,13981.40,0.91,8638.20,6857.10,5343.20
spsp,3,5432.30,13847.90,0.93,8415.60,5432.30,5432.30
spsp,3,5121.00,16519.50,1.12,11398.90,5121.00,5121.00
spsp,3,5343.20,13491.70,1.22,8148.40,5343.20,5343.20
spsp,3,5165.10,14159.60,0.92,8994.40,5165.10,5165.10
spsp,3,4987.00,13936.90,1.01,8949.90,4987.00,4987.00
spsp,3,5254.00,14649.40,0.78,9395.20,6545.50,5254.00
spsp,3,5209.60,13892.40,0.70,8682.70,5209.60,5209.60
spsp,3,5032.00,14159.60,0.96,9128.00,5032.00,5032.00
spsp,3,4720.00,16119.00,0.32,11398.90,5788.50,4720.00
spsp,3,5343.00,13090.90,0.63,7747.70,5343.00,5343.00
spsp,3,5343.00,14070.50,1.07,8727.30,8504.60,5343.00
spsp,3,5076.00,13937.00,0.81,8860.90,5076.00,5076.00
spsp,3,5209.60,12734.70,0.86,7525.00,5209.60,5209.60
spsp,3,5076.10,14649.40,1.08,9573.30,5076.10,5076.10
spsp,3,4675.30,14248.60,0.79,9573.30,4675.30,4675.30
spsp,3,4853.40,13402.60,0.81,8549.20,6100.20,4853.40
spsp,3,5076.10,14426.70,0.95,9350.60,7213.40,5076.10
spsp,3,4898.00,13625.00,0.82,8727.30,5966.60,4898.00
spsp,3,4987.00,13447.10,1.06,8460.10,6545.50,4987.00
spsp,3,5343.20,12823.70,0.96,7480.50,5343.20,5343.20
spsp,3,5165.00,13937.00,1.04,8771.80,5165.00,5165.00
spsp,3,5120.60,13714.30,0.89,8593.70,5120.60,5120.60
spsp,3,5165.00,14516.00,0.78,9350.60,6946.20,5165.00
spsp,3,5343.20,12467.50,0.75,7124.30,7926.00,5343.20
spsp,3,4898.00,13848.00,0.97,8949.90,6189.20,4898.00
spsp,5,4630.80,11532.50,0.67,6901.70,10820.00,4630.80
spsp,5,6278.00,12957.00,0.70,6679.00,8504.60,6278.00
spsp,5,5833.00,13580.70,0.52,7747.70,13580.70,5833.00
spsp,5,5432.30,12467.50,0.80,7035.30,10998.10,5432.30
spsp,5,6456.40,13447.10,0.67,6990.70,8816.30,13447.10
spsp,5,5833.00,12067.00,0.82,6233.80,8059.00,5833.00
spsp,5,5566.00,14560.00,0.54,8994.40,11176.30,5566.00
spsp,3,8771.80,20259.70,0.86,11487.90,8771.80,15317.30
spsp,3,4808.90,13313.50,1.88,8504.60,4808.90,5966.60
spsp,3,4719.90,12823.70,1.72,8103.90,4719.90,8282.00
spsp,1,4719.90,12823.70,1.46,8103.90,4719.90,12823.70
spsp,1,4274.60,12734.70,1.24,8460.10,4274.60,12734.70
spsp,1,4630.80,13491.70,1.20,8860.90,4630.80,13491.70
spsp,3,4675.30,12912.80,1.06,8237.50,4675.30,10552.90
spsp,3,4808.90,12601.10,2.42,7792.20,4808.90,5833.00
spsp,2,4853.40,16831.20,1.20,11977.70,16831.20,4853.40
spsp,3,3918.40,12645.60,1.91,8727.00,3918.40,5699.40
spsp,5,5477.00,12111.00,0.94,6634.50,11443.40,5477.00
spsp,2,5833.00,14471.00,0.31,8638.20,14471.00,5833.00
spsp,1,4764.40,12868.30,0.86,8103.90,4764.40,12868.30
spsp,3,5922.10,12957.30,1.63,7035.30,5922.10,6500.90
spsp,2,6679.00,16029.70,1.16,9350.60,16029.70,6679.00
spsp,1,6723.60,13180.00,1.03,6456.40,6723.60,13180.00
spsp,5,5565.90,11532.50,1.23,5966.60,8905.40,11532.50
spsp,3,5610.40,11220.80,1.32,5610.40,5610.40,5610.40
spsp,3,4630.80,10998.10,1.02,6367.30,5432.30,4630.80
spsp,2,8326.50,13313.50,1.06,4987.00,13313.50,8326.50
spsp,2,6590.00,20393.30,1.22,13803.30,20393.30,6590.00
spsp,4,10419.00,22441.60,1.00,12022.30,22441.60,13536.20
spsp,2,9484.00,18033.00,1.00,8549.20,18033.00,9484.00
spsp,2,9930.00,19815.00,0.58,9885.00,19815.00,9930.00
spsp,2,10686.50,19814.50,0.45,9128.00,19814.50,10686.50
spsp,2,9084.00,20126.00,0.64,11042.70,20126.00,9084.00
spsp,2,6812.60,23866.40,0.65,17053.80,23866.40,6812.60
spsp,2,5610.40,19324.70,1.09,13714.30,19324.70,5610.40
spsp,3,4453.00,10998.10,1.22,6545.50,5744.00,4453.00
spsp,2,11309.80,16875.70,0.29,5565.90,16875.70,11309.80
spsp,2,8549.20,19413.70,0.48,10864.60,19413.70,8549.20
spsp,2,8950.00,20215.00,0.44,11265.30,20215.00,8950.00
spsp,2,8549.20,23421.20,0.66,14872.00,23421.20,8549.20
spsp,2,9573.00,22931.40,0.72,13358.10,22931.40,9573.00
spsp,2,5299.00,23288.00,0.82,17988.90,23288.00,5299.00
spsp,2,9706.90,19057.50,0.62,9350.60,19057.50,9706.90
spsp,2,7614.10,20616.00,0.91,13001.90,20616.00,7614.10
spsp,2,11710.60,19413.70,0.62,7703.20,19413.70,11710.60
spsp,2,9430.20,21631.30,0.65,12201.10,21631.30,9430.20
spsp,2,9743.00,22748.60,0.81,13005.60,22748.60,9743.00
spsp,2,11888.30,23776.50,0.71,11888.30,23776.50,11888.30
spsp,3,5121.00,15005.60,0.51,9885.00,5121.00,9306.10
spsp,3,5298.70,16252.30,0.47,10953.60,5298.70,5298.70
spsp,5,5476.80,16163.30,1.26,10686.50,5476.80,5476.80
spsp,2,10063.10,23599.30,0.62,13536.20,23599.30,10063.10
spsp,5,7792.00,23064.90,1.12,15272.70,23064.90,7792.00
spsp,2,4675.30,7925.80,0.69,3250.50,7925.80,4675.30
spsp,2,5165.10,23376.60,0.97,18211.50,23376.60,5165.10
spsp,2,7080.00,19725.40,0.46,12645.60,19725.40,7080.00
spsp,5,9217.10,20749.50,0.61,11532.50,19013.00,11666.00
spsp,2,5210.00,13759.00,0.73,8549.20,13759.00,5210.00
spsp,5,7436.00,19636.40,0.40,12200.40,19636.40,7436.00
spsp,2,4853.00,12423.00,0.69,7569.60,12423.00,4853.00
spsp,2,4230.00,19725.40,1.15,15495.40,19725.40,4230.00
spsp,5,14961.00,24000.00,0.40,9039.00,20838.60,14961.00
spsp,2,15317.30,22842.30,0.32,7525.00,22842.30,15317.30
spsp,1,6055.70,12912.80,0.66,6857.10,6055.70,12912.80
spsp,5,12155.80,23599.30,0.59,11443.40,23599.30,12155.80
spsp,1,5476.80,12512.10,0.53,7035.30,5476.80,12512.10
spsp,3,9706.90,11621.50,0.71,1914.70,9706.90,9706.90
spsp,3,7436.00,11487.90,0.94,4051.90,8192.90,7436.00
spsp,3,6367.30,11888.70,1.07,5521.30,9172.50,6367.30
spsp,3,7124.30,12111.30,1.03,4987.00,9039.00,7124.30
spsp,2,5032.00,10374.80,0.80,5343.20,10374.80,5032.00
spsp,2,5121.00,9930.00,0.63,4808.90,9930.00,5121.00
spsp,5,15139.10,23643.80,1.05,8504.60,15139.10,17677.20
spsp,5,11844.20,20883.10,0.57,9039.00,20883.10,12912.80
spsp,2,4186.00,7481.00,0.71,3295.00,7481.00,4186.00
spsp,3,10286.00,21729.10,0.39,11443.40,15495.40,10286.00
spsp,2,8727.00,17588.10,0.63,8860.90,17588.10,8727.00
spsp,1,12022.30,15317.30,0.43,3295.00,12022.30,15317.30
spsp,2,5209.60,8237.50,0.47,3027.80,8237.50,5209.60
spsp,2,5254.00,9039.00,0.69,3784.80,9039.00,5254.00
spsp,2,4630.80,7658.60,0.75,3027.80,7658.60,4630.80
spsp,1,3829.30,11844.20,0.34,8014.80,3829.30,11844.20
spsp,3,5477.00,13937.00,0.68,8460.10,11977.70,5477.00
spsp,2,5031.50,13135.40,0.64,8103.90,13135.40,5031.50
spsp,2,4675.30,12512.10,0.41,7836.70,12512.10,4675.30
spsp,2,5031.50,14471.20,0.57,9439.70,14471.20,5031.50
spsp,2,5298.70,13001.90,0.51,7703.20,13001.90,5298.70
spsp,2,4943.00,11310.00,0.48,6367.30,11310.00,4943.00
spsp,1,4675.30,10241.20,0.49,5565.90,4675.30,10241.20
spsp,3,6278.30,12690.20,0.59,6411.90,10375.00,6278.30
spsp,2,5565.90,13536.20,0.79,7970.30,13536.20,5565.90
spsp,2,4764.00,12200.40,0.60,7436.00,12200.40,4764.00
spsp,2,12067.00,21907.20,1.16,9840.40,21907.20,12067.00
spsp,1,6011.00,15584.40,1.51,9573.30,6011.00,15584.40
spsp,1,5299.00,13759.00,0.41,8460.10,5299.00,13759.00
spsp,3,8326.50,14159.60,1.77,5833.00,8326.50,10330.20
spsp,3,9618.00,14337.70,1.11,4719.90,10775.50,9618.00
spsp,3,8059.40,15807.10,1.71,7747.70,8059.40,9083.50
spsp,3,7124.00,16252.30,1.35,9128.00,7124.00,11176.30
spsp,3,9795.90,16742.10,0.96,6946.20,13090.90,9795.90
spsp,1,6100.00,16386.00,0.34,10285.70,6100.00,16386.00
spsp,1,7035.30,12066.80,0.28,5031.50,7035.30,12066.80
spsp,1,6367.30,14693.90,0.43,8326.50,6367.30,14693.90
spsp,1,10775.50,18256.00,0.36,7480.50,10775.50,18256.00
spsp,1,4497.00,13224.50,0.53,8727.30,4497.00,13224.50
spsp,2,5432.30,12601.10,1.00,7168.80,12601.10,5432.30
spsp,2,5699.40,14115.00,0.88,8415.60,14115.00,5699.40
spsp,2,8059.40,14026.00,0.41,5966.60,14026.00,8059.40
spsp,2,6679.00,11977.70,0.42,5298.70,11977.70,6679.00
spsp,2,7302.00,13981.40,0.41,6679.00,13981.40,7302.00
spsp,2,5209.60,14070.50,0.82,8860.90,14070.50,5209.60
spsp,1,7124.30,15183.70,0.30,8059.40,7124.30,15183.70
spsp,2,5432.30,13001.90,0.86,7569.60,13001.90,5432.30
spsp,2,7837.00,12912.80,0.35,5076.10,12912.80,7837.00
spsp,2,6768.10,13046.40,0.43,6278.30,13046.40,6768.10
spsp,3,8860.90,16920.20,0.85,8059.40,8860.90,11220.80
spsp,2,4586.30,12155.80,1.02,7569.60,12155.80,4586.30
spsp,3,6011.10,15762.50,1.37,9751.40,6011.10,6011.10
spsp,3,5744.00,17142.90,0.61,11398.90,5744.00,10775.50
spsp,1,5031.50,17187.40,0.49,12155.80,5031.50,17187.40
spsp,1,6233.80,15005.60,0.36,8771.80,6233.80,15005.60
spsp,3,5120.60,15050.10,1.37,9929.50,5120.60,7836.70
spsp,3,5922.10,17321.00,0.40,11398.90,5922.10,15539.90
spsp,3,4719.90,15361.80,1.35,10641.90,4719.90,7658.60
spsp,1,6100.20,13625.20,0.42,7525.00,6100.20,13625.20
spsp,3,6679.00,14872.00,0.40,8192.90,6679.00,10419.30
spsp,3,6322.80,14738.40,0.55,8415.60,6322.80,7302.40
spsp,1,5120.60,11888.70,0.42,6768.10,5120.60,11888.70
spsp,3,5833.00,20304.30,0.54,14471.20,5833.00,10196.70
spsp,3,4764.00,15673.50,0.69,10909.10,4764.00,9706.90
spsp,1,7257.90,14026.00,0.30,6768.10,7257.90,14026.00
spsp,3,3517.60,17721.70,0.54,14204.10,3517.60,10552.90
spsp,1,4586.30,18033.40,0.40,13447.10,4586.30,18033.40
spsp,3,5833.00,15094.60,0.58,9261.60,5833.00,5833.00
spsp,1,5966.60,17721.70,0.33,11755.10,5966.60,17721.70
spsp,1,5432.00,14426.70,0.44,8994.40,5432.00,14426.70
spsp,1,4453.00,11176.00,0.26,6723.60,4453.00,11176.00
spsp,1,6100.20,14159.60,0.34,8059.40,6100.20,14159.60
spsp,3,6500.90,15228.20,0.63,8727.30,6500.90,8014.80
spsp,3,6189.20,17231.90,0.45,11042.70,6189.20,7658.60
spsp,3,6500.90,16920.20,0.44,10419.30,6500.90,12690.20
spsp,3,4630.80,15406.30,0.81,10775.50,4630.80,4630.80
spsp,3,4808.90,16875.70,0.59,12066.80,4808.90,6723.60
spsp,3,5833.00,15896.10,0.46,10063.10,5833.00,7569.60
spsp,1,5254.20,12467.50,0.49,7213.40,5254.20,12467.50
spsp,1,6278.30,15450.80,0.43,9172.50,6278.30,15450.80
spsp,3,4809.00,14738.40,0.47,9929.50,4809.00,9039.00
spsp,3,6411.90,16207.80,0.43,9795.90,6411.90,9662.30
spsp,1,5788.50,13758.80,0.35,7970.30,5788.50,13758.80
spsp,1,6768.10,14515.80,0.30,7747.70,6768.10,14515.80
spsp,3,4809.00,16029.70,0.55,11220.80,4809.00,7213.40
spsp,3,6634.50,15317.30,0.48,8682.70,6634.50,10463.80
spsp,3,4230.00,15718.00,0.59,11487.90,6634.50,4230.00
spsp,1,4808.90,10775.50,0.27,5966.60,4808.90,10775.50
spsp,1,6590.00,11487.90,0.23,4898.00,6590.00,11487.90
spsp,1,5254.20,14560.30,0.46,9306.10,5254.20,14560.30
spsp,3,5076.10,14827.50,0.42,9751.40,5076.10,7569.60
spsp,1,5833.00,10597.40,0.32,4764.40,5833.00,10597.40
spsp,3,7970.30,15718.00,0.30,7747.70,11443.40,7970.30
spsp,2,5298.70,12200.40,0.94,6901.70,12200.40,5298.70
spsp,1,8994.40,16964.70,0.34,7970.30,8994.40,16964.70
spsp,1,5877.60,16074.20,1.40,10196.70,6723.60,5877.60
spsp,1,5655.00,16920.20,0.59,11265.30,5655.00,11532.50
spsp,1,5121.00,16831.00,0.50,11710.60,5121.00,16831.00
spsp,1,6100.20,14827.50,0.35,8727.30,6100.20,14827.50
spsp,3,7213.40,14916.50,1.19,7703.20,7213.40,7213.40
spsp,1,6144.70,17098.30,0.38,10953.60,6144.70,17098.30
spsp,3,7569.60,15450.80,1.29,7881.30,7569.60,7569.60
spsp,1,6011.00,14560.30,0.51,8549.20,6011.00,14560.30
spsp,3,6724.00,14961.00,0.37,8237.50,6724.00,10552.90
spsp,3,5877.60,14604.80,0.54,8727.30,5877.60,5877.60
spsp,1,5476.80,12111.30,0.42,6634.50,5476.80,12111.30
spsp,3,5566.00,17810.80,0.49,12244.90,5566.00,11443.40
spsp,3,6100.00,17677.20,0.47,11577.00,6100.00,10285.70
spsp,1,5833.00,17988.90,0.36,12155.80,5833.00,17988.90
spsp,3,5833.00,15139.10,0.56,9306.10,5833.00,5833.00
spsp,1,6412.00,17009.30,0.30,10597.40,6412.00,17009.30
spsp,1,6055.70,14426.70,0.42,8371.10,6055.70,14426.70
spsp,1,4898.00,10552.90,0.25,5654.90,4898.00,10552.90
spsp,1,6233.80,14961.00,0.38,8727.30,6233.80,14961.00
spsp,3,6946.20,15228.20,0.62,8282.00,6946.20,8059.40
spsp,3,6500.90,17454.50,0.43,10953.60,6500.90,6500.90
spsp,3,6857.10,16697.60,0.40,9840.40,6857.10,13224.50
spsp,3,4942.50,15584.40,0.73,10641.90,4942.50,4942.50
spsp,3,5121.00,16787.00,0.62,11666.00,5121.00,5121.00
spsp,3,6055.70,15628.90,0.48,9573.30,6055.70,6055.70
spsp,1,6233.80,15361.80,0.61,9128.00,6233.80,15361.80
spsp,1,4764.40,14515.80,0.40,9751.40,4764.40,14515.80
spsp,3,6768.10,16207.80,0.39,9439.70,6768.10,9439.70
spsp,1,5610.00,13402.60,0.36,7792.20,5610.00,13402.60
spsp,3,6233.80,15094.60,0.57,8860.90,6233.80,11532.50
spsp,3,4452.70,15495.40,0.58,11042.70,6456.40,4452.70
spsp,1,4853.40,14426.70,0.45,9573.30,4853.40,14426.70
spsp,3,5031.50,14872.00,0.43,9840.40,5031.50,5031.50
spsp,1,6011.00,10197.00,0.30,4185.50,6011.00,10197.00
spsp,3,8905.00,15674.00,0.31,6768.10,11532.50,8905.00
spsp,5,5298.70,14738.40,0.84,9439.70,6545.50,12734.70
spsp,1,5432.30,16252.30,0.30,10820.00,5432.30,16252.30
spsp,3,5387.80,14738.40,0.69,9350.60,6634.50,14738.40
spsp,3,5076.10,14782.90,0.48,9706.90,5076.10,9039.00
spsp,1,6234.00,13848.00,0.31,7614.10,6234.00,13848.00
spsp,3,5387.80,16519.50,0.49,11131.70,5387.80,5387.80
spsp,1,5121.00,15807.10,0.34,10686.50,5121.00,15807.10
spsp,3,6233.80,11398.90,0.99,5165.10,6233.80,6233.80
spsp,3,4764.40,11354.40,1.01,6590.00,4764.40,4764.40
spsp,2,10063.10,17231.90,0.64,7168.80,17231.90,10063.10
spsp,2,5298.70,10775.50,0.63,5476.80,10775.50,5298.70
spsp,1,6857.10,12690.20,0.49,5833.00,6857.10,12690.20
spsp,2,4898.00,12467.50,0.61,7569.60,12467.50,4898.00
spsp,1,3918.40,13847.90,0.45,9929.50,3918.40,13847.90
spsp,2,4942.50,12423.00,0.73,7480.50,12423.00,4942.50
spsp,2,5031.50,12868.30,0.76,7836.70,12868.30,5031.50
spsp,3,5120.60,13580.70,1.46,8460.10,5744.00,5120.60
spsp,2,4808.90,13224.50,0.73,8415.60,13224.50,4808.90
spsp,2,4452.70,12601.10,0.51,8148.40,12601.10,4452.70
spsp,2,4586.30,12378.50,0.41,7792.20,12378.50,4586.30
spsp,2,5254.00,14560.00,0.44,9306.10,14560.00,5254.00
spsp,1,4230.00,12957.30,0.65,8727.30,4230.00,12957.30
spsp,2,4808.90,13046.40,0.65,8237.50,13046.40,4808.90
spsp,2,5076.10,13180.00,0.49,8103.90,13180.00,5076.10
spsp,1,5432.30,12066.80,0.38,6634.50,5432.30,12066.80
spsp,2,5966.60,12200.40,0.32,6233.80,12200.40,5966.60
spsp,2,2137.00,12646.00,0.40,10508.30,12646.00,2137.00
spsp,2,5209.60,12868.30,0.68,7658.60,12868.30,5209.60
spsp,1,4408.20,12155.80,0.78,7747.70,4408.20,12155.80
spsp,1,3962.90,12912.80,0.46,8949.90,3962.90,12912.80
spsp,3,5031.50,14872.00,0.95,9840.40,5031.50,5031.50
spsp,1,6056.00,17187.00,0.69,11131.70,6056.00,17187.00
spsp,2,4987.00,23376.60,1.82,18389.60,23376.60,4987.00
spsp,2,5165.10,11933.20,0.49,6768.10,11933.20,5165.10
spsp,1,7525.00,13180.00,1.14,5654.90,7525.00,13180.00
spsp,2,4675.30,11398.90,0.45,6723.60,11398.90,4675.30
spsp,2,4675.00,12512.10,0.42,7836.70,12512.10,4675.00
spsp,2,5120.60,12868.30,0.38,7747.70,12868.30,5120.60
spsp,2,5031.50,12690.20,0.46,7658.60,12690.20,5031.50
spsp,2,5120.60,14827.50,0.57,9706.90,14827.50,5120.60
spsp,2,5298.70,13046.40,0.75,7747.70,13046.40,5298.70
spsp,2,4853.40,11933.20,0.36,7079.80,11933.20,4853.40
spsp,1,4185.50,11354.40,0.41,7168.80,4185.50,11354.40
spsp,2,5210.00,12823.70,0.60,7614.10,12823.70,5210.00
spsp,2,4898.00,12957.30,0.63,8059.40,12957.30,4898.00
spsp,2,6189.20,16742.10,1.97,10552.90,16742.10,6189.20
spsp,2,4898.00,12912.80,0.61,8014.80,12912.80,4898.00
spsp,2,5298.70,12645.60,0.57,7346.90,12645.60,5298.70
spsp,2,5610.40,16920.20,1.79,11309.80,16920.20,5610.40
spsp,1,6679.00,17944.30,0.64,11265.30,6679.00,17944.30
spsp,2,5432.30,17321.00,1.97,11888.70,17321.00,5432.30
spsp,3,5209.60,13758.80,0.67,8549.20,5209.60,5209.60
spsp,3,4942.50,13447.10,0.66,8504.60,5922.10,4942.50
spsp,3,5254.20,13981.40,0.77,8727.30,5254.20,5254.20
spsp,1,3962.90,13046.40,0.71,9083.50,3962.90,13046.40
spsp,1,7168.80,12957.30,0.31,5788.50,7168.80,12957.30
spsp,2,5298.70,12823.70,0.45,7525.00,12823.70,5298.70
spsp,3,4853.40,13936.90,0.65,9083.50,12289.40,4853.40
spsp,3,3874.00,13803.00,0.49,9929.50,3874.00,6411.90
spsp,3,5254.20,13269.00,0.71,8014.80,9617.80,6189.20
spsp,3,3740.30,10330.20,0.78,6590.00,3740.30,5432.30
spsp,2,5165.00,14783.00,0.57,9617.80,14783.00,5165.00
spsp,1,6278.30,13892.40,0.65,7614.10,6278.30,13892.40
spsp,3,9573.00,20349.00,0.36,10775.50,17766.20,9573.00
spsp,3,4898.00,13358.10,0.69,8460.10,8816.30,4898.00
spsp,3,5120.60,12378.50,0.63,7257.90,8460.10,5120.60
spsp,2,4898.00,8014.80,0.55,3116.90,8014.80,4898.00
spsp,2,5477.00,8505.00,0.73,3027.80,8505.00,5477.00
spsp,3,5209.60,11710.60,0.86,6500.90,10775.50,5209.60
spsp,3,5209.60,13402.60,0.85,8192.90,11176.30,5209.60
spsp,2,8282.00,14649.00,0.42,6367.30,14649.00,8282.00
spsp,5,7970.30,16385.90,0.40,8415.60,16385.90,7970.30
spsp,2,10463.80,17677.20,0.59,7213.40,17677.20,10463.80
spsp,2,8238.00,14738.40,0.47,6500.90,14738.40,8238.00
spsp,2,6679.00,15584.40,0.56,8905.40,15584.40,6679.00
spsp,2,7346.90,13580.70,0.46,6233.80,13580.70,7346.90
spsp,2,7035.30,16475.00,0.42,9439.70,16475.00,7035.30
spsp,2,8193.00,16608.50,0.37,8415.60,16608.50,8193.00
spsp,2,7525.00,12111.30,0.36,4586.30,12111.30,7525.00
spsp,2,13981.40,22619.70,0.28,8638.20,22619.70,13981.40
spsp,2,9662.00,18879.00,0.91,9217.10,18879.00,9662.00
spsp,2,9261.60,16475.00,0.60,7213.40,16475.00,9261.60
spsp,2,13447.10,23421.20,0.98,9974.00,23421.20,13447.10
spsp,2,8593.70,19146.60,0.50,10552.90,19146.60,8593.70
spsp,2,8638.20,18701.30,0.59,10063.10,18701.30,8638.20
spsp,3,6278.30,12066.80,0.73,5788.50,6278.30,6278.30
spsp,3,5298.70,14649.40,0.81,9350.60,6634.50,5298.70
spsp,3,6545.50,24000.00,1.80,17454.50,6545.50,6545.50
spsp,2,8594.00,19904.00,0.67,11309.80,19904.00,8594.00
spsp,3,4497.20,18167.00,1.46,13669.80,4497.20,4497.20
spsp,3,7480.50,19591.80,1.01,12111.30,7480.50,7480.50
spsp,3,6946.20,11042.70,0.70,4096.50,6946.20,6946.20
spsp,3,8504.60,12066.80,0.55,3562.20,8504.60,8504.60
spsp,3,8460.10,12512.10,0.50,4051.90,8460.10,8460.10
spsp,3,5299.00,21061.00,0.88,15762.50,8103.90,5299.00
spsp,5,5254.20,22218.90,1.57,16964.70,7480.50,5254.20
spsp,2,5210.00,12423.00,0.57,7213.40,12423.00,5210.00
spsp,3,6011.10,10820.00,0.70,4808.90,6011.10,6011.10
spsp,3,4987.00,11309.80,0.86,6322.80,6768.10,4987.00
spsp,3,5432.30,12423.00,0.91,6990.70,8014.80,5432.30
spsp,3,7614.10,14560.30,1.35,6946.20,7614.10,10107.60
spsp,5,6857.10,14604.80,0.96,7747.70,6857.10,8549.20
spsp,2,9306.00,11042.70,0.29,1736.50,11042.70,9306.00
spsp,1,6144.70,13135.40,0.22,6990.70,6144.70,13135.40
spsp,3,7035.30,18300.60,0.99,11265.30,7035.30,7035.30
spsp,3,9929.50,19502.80,1.02,9573.30,15584.40,9929.50
spsp,5,8371.00,19993.00,1.70,11621.50,19993.00,8371.00
spsp,3,11310.00,16697.60,0.36,5387.80,11310.00,14159.60
spsp,3,8594.00,16208.00,0.37,7614.00,8594.00,13981.40
spsp,3,8282.00,17855.30,0.26,9573.30,8282.00,16920.20
spsp,1,5210.00,18523.20,0.17,13313.50,5210.00,18523.20
spsp,3,5076.10,23109.50,0.76,18033.40,5076.10,6946.20
spsp,3,6233.80,16519.50,0.66,10285.70,6233.80,13491.70
spsp,2,5966.60,15628.90,0.57,9662.30,15628.90,5966.60
spsp,3,7391.50,16742.10,0.86,9350.60,7391.50,7391.50
spsp,2,6546.00,17855.00,0.94,11309.80,17855.00,6546.00
spsp,2,7748.00,17009.00,0.44,9261.60,17009.00,7748.00
spsp,3,8148.40,21684.60,1.31,13536.20,8148.40,10107.60
spsp,3,7926.00,18523.20,1.30,10597.40,7926.00,9217.10
spsp,3,7747.70,18656.80,0.66,10909.10,7747.70,12512.10
spsp,2,8905.40,16118.70,0.78,7213.40,16118.70,8905.40
spsp,3,6857.00,19814.50,1.13,12957.30,15050.10,6857.00
spsp,3,5299.00,18612.20,1.15,13313.50,9439.70,5299.00
spsp,3,9573.00,17053.80,0.95,7480.50,12645.60,9573.00
spsp,3,10998.10,17187.40,0.35,6189.20,10998.10,12912.80
spsp,2,7436.00,16074.20,0.87,8638.20,16074.20,7436.00
spsp,2,6679.00,16564.00,0.85,9885.00,16564.00,6679.00
spsp,3,10152.10,17187.40,0.29,7035.30,10152.10,11844.20
spsp,1,10286.00,17633.00,0.10,7346.90,10286.00,17633.00
spsp,2,9262.00,18167.00,0.45,8905.40,18167.00,9262.00
spsp,2,8148.40,16831.20,0.94,8682.70,16831.20,8148.40
spsp,5,5789.00,12156.00,0.91,6367.30,12156.00,5789.00
spsp,3,4808.90,12690.20,2.07,7881.30,4808.90,6590.00
spsp,5,6278.30,12244.90,0.43,5966.60,12244.90,6278.30
spsp,3,5343.20,9439.70,1.13,4096.50,5343.20,5343.20
spsp,3,5254.20,12378.50,1.17,7124.30,5254.20,5254.20
spsp,5,5610.40,13269.00,1.66,7658.60,5610.40,5610.40
spsp,3,5121.00,11710.60,1.42,6590.00,5121.00,5121.00
spsp,2,4853.40,6768.10,0.59,1914.70,6768.10,4853.40
spsp,2,5209.60,8014.80,0.60,2805.20,8014.80,5209.60
spsp,2,5254.20,9395.20,0.63,4141.00,9395.20,5254.20
spsp,5,4364.00,12423.00,2.16,8059.40,4364.00,8727.30
spsp,1,4051.90,12556.60,0.73,8504.60,4051.90,12556.60
spsp,2,5031.50,10063.10,0.78,5031.50,10063.10,5031.50
spsp,1,12556.60,22397.00,0.56,9840.40,12556.60,22397.00
spsp,5,9528.80,22619.70,1.02,13090.90,13180.00,10731.00
spsp,5,7302.40,18968.50,1.08,11666.00,7302.40,12200.40
spsp,5,6590.00,15718.00,1.17,9128.00,12779.20,11309.80
spsp,2,4675.30,11710.60,0.73,7035.30,11710.60,4675.30
spsp,3,4898.00,14115.00,1.02,9217.10,7614.10,4898.00
spsp,3,5165.00,14115.00,1.02,8949.90,12467.50,5165.00
spsp,3,15184.00,20259.70,0.72,5076.10,15184.00,15184.00
spsp,3,5343.20,18879.40,1.23,13536.20,5343.20,5343.20
spsp,3,5254.20,14738.40,0.65,9484.20,5254.20,5254.20
spsp,2,5298.70,16831.20,0.97,11532.50,16831.20,5298.70
spsp,5,5299.00,16653.00,0.69,11354.40,5299.00,5299.00
spsp,5,8371.10,14159.60,0.30,5788.50,8371.10,14159.60
spsp,5,4942.50,13046.40,0.79,8103.90,13046.40,4942.50
spsp,5,6500.90,16029.70,0.45,9528.80,6500.90,16029.70
spsp,5,5744.00,12378.50,0.71,6634.50,10731.00,5744.00
spsp,5,5210.00,16208.00,0.64,10998.10,5210.00,16208.00
spsp,3,4586.30,12823.70,0.72,8237.50,4586.30,6679.00
spsp,3,4942.50,14649.40,0.90,9706.90,6812.60,4942.50
spsp,1,4987.00,17721.70,0.26,12734.70,4987.00,17721.70
spsp,3,5387.80,14159.60,1.08,8771.80,5387.80,5387.80
spsp,3,5165.10,13135.40,0.70,7970.30,5165.10,5165.10
spsp,3,5388.00,14249.00,0.80,8860.90,5388.00,5388.00
spsp,3,5076.00,14293.00,0.77,9217.10,7747.70,5076.00
spsp,5,5120.60,12244.90,1.28,7124.30,8504.60,5120.60
spsp,5,5076.10,13803.30,0.77,8727.30,9128.00,5076.10
spsp,3,4630.80,12690.20,0.65,8059.40,4630.80,7480.50
spsp,3,4586.00,13001.90,1.85,8415.60,4586.00,5922.10
spsp,5,4185.50,20037.10,0.73,15851.60,4185.50,20037.10
spsp,1,4675.00,12423.00,1.14,7747.70,4675.00,12423.00
spsp,3,4764.40,12912.80,0.84,8148.40,4764.40,6144.70
spsp,3,7569.60,17098.30,0.20,9528.80,7569.60,13847.90
spsp,3,4987.00,14026.00,1.08,9039.00,7035.30,4987.00
spsp,3,5120.60,14204.10,0.79,9083.50,7213.40,5120.60
spsp,3,4719.90,14204.10,0.85,9484.20,8549.20,4719.90
spsp,3,4898.00,13803.30,0.59,8905.40,4898.00,4898.00
spsp,3,5165.10,12601.10,0.78,7436.00,5165.10,5165.10
spsp,3,5031.50,14026.00,0.85,8994.40,6946.20,5031.50
spsp,3,4987.00,13625.20,0.82,8638.20,4987.00,4987.00
spsp,3,4764.40,14070.50,0.78,9306.10,6278.30,4764.40
spsp,3,5654.90,14782.90,0.51,9128.00,5654.90,5654.90
spsp,3,5076.10,13892.40,0.87,8816.30,9974.00,5076.10
spsp,3,4853.00,13936.90,0.79,9083.50,6812.60,4853.00
spsp,3,5121.00,13180.00,0.76,8059.40,5121.00,5121.00
spsp,3,5477.00,16074.20,0.66,10597.40,5477.00,5477.00
spsp,3,5120.60,12868.30,1.13,7747.70,5120.60,5120.60
spsp,3,5521.00,12868.30,0.25,7346.90,5521.00,5521.00
spsp,3,4586.30,13135.40,0.93,8549.20,4586.30,4586.30
spsp,3,7035.00,15317.30,0.58,8282.00,7035.00,7035.00
spsp,3,6813.00,15807.00,0.49,8994.40,6813.00,6813.00
spsp,5,5789.00,15406.00,1.26,9617.80,5789.00,5789.00
spsp,3,6857.10,15628.90,0.50,8771.80,6857.10,6857.10
spsp,3,5076.10,15005.60,0.56,9929.50,5076.10,5076.10
spsp,3,6100.20,15762.50,0.51,9662.30,6100.20,12334.00
spsp,3,4631.00,14338.00,0.51,9706.90,4631.00,7836.70
spsp,3,5209.60,15940.60,0.56,10731.00,7035.30,5209.60
spsp,3,4853.40,15139.10,0.54,10285.70,4853.40,4853.40
spsp,3,5565.90,15628.90,0.57,10063.10,5565.90,5565.90
spsp,3,5565.90,15361.80,0.56,9795.90,5565.90,5565.90
spsp,3,6011.10,14604.80,0.54,8593.70,6011.10,6011.10
spsp,3,4630.80,12868.30,1.97,8237.50,4630.80,7614.10
spsp,3,4853.40,15317.30,0.59,10463.80,4853.40,4853.40
spsp,5,5031.50,16029.70,0.97,10998.10,5031.50,16029.70
spsp,5,4364.00,15985.20,1.28,11621.50,4364.00,4364.00
spsp,5,7258.00,15985.20,1.06,8727.30,7258.00,7258.00
spsp,5,6100.20,16519.50,1.15,10419.30,7925.80,6100.20
spsp,3,7748.00,17009.00,0.42,9261.60,7748.00,7748.00
spsp,5,5032.00,16520.00,1.15,11487.90,5032.00,6634.50
spsp,2,5922.10,17855.30,0.65,11933.20,17855.30,5922.10
spsp,5,3251.00,16297.00,1.15,13046.40,3251.00,7569.60
spsp,5,7614.10,16564.00,0.97,8949.90,7614.10,7614.10
spsp,5,7124.00,16074.20,1.15,8949.90,7124.00,7124.00
spsp,3,4809.00,13269.00,1.65,8460.10,4809.00,11265.30
spsp,5,5298.70,12556.60,0.76,7257.90,11220.80,5298.70
spsp,3,4942.50,12645.60,1.52,7703.20,4942.50,6723.60
spsp,5,5655.00,12734.70,0.63,7079.80,12734.70,5655.00
spsp,3,4853.00,14961.00,0.62,10107.60,6857.10,4853.00
spsp,3,4943.00,12512.00,1.15,7569.60,4943.00,7124.30
spsp,3,4630.80,13224.50,1.38,8593.70,4630.80,8638.20
spsp,5,5967.00,12779.00,0.55,6812.60,5967.00,8504.60
spsp,5,5610.40,13046.40,0.53,7436.00,8192.90,5610.40
spsp,3,5165.10,13758.80,0.93,8593.70,5165.10,5165.10
spsp,3,5521.00,15006.00,0.91,9484.20,5521.00,5521.00
spsp,3,5388.00,13358.00,0.91,7970.30,5388.00,5388.00
spsp,3,5076.10,14026.00,0.86,8949.90,6590.00,5076.10
spsp,3,4808.90,14115.00,0.83,9306.10,4808.90,4808.90
spsp,5,5477.00,15317.30,0.86,9840.40,5477.00,9306.10
spsp,3,4898.00,14471.20,0.83,9573.30,4898.00,4898.00
spsp,5,3606.70,15183.70,1.88,11577.00,3606.70,5387.80
spsp,5,4764.40,16252.30,1.08,11487.90,4764.40,11755.10
spsp,3,4586.30,12957.30,2.10,8371.10,4586.30,4586.30
spsp,5,5121.00,15184.00,2.03,10063.10,5121.00,6367.30
spsp,3,3829.30,16519.50,0.66,12690.20,6723.60,3829.30
spsp,3,4586.00,13313.50,1.90,8727.30,4586.00,9306.10
spsp,5,5922.00,15851.60,1.98,9929.50,7747.70,5922.00
spsp,3,7392.00,11532.50,0.77,4141.00,7392.00,7392.00
spsp,5,5343.20,14204.10,1.37,8860.90,8416.00,5343.20
spsp,5,5388.00,12512.10,0.68,7124.30,7703.20,5388.00
spsp,5,5922.00,13314.00,0.56,7391.50,5922.00,5922.00
spsp,5,7169.00,12734.70,0.60,5565.90,7169.00,7703.20
spsp,3,4541.70,21105.80,0.73,16564.00,4541.70,7792.20
spsp,1,5699.40,18612.20,1.47,12912.80,5699.40,18612.20
spsp,1,5388.00,21551.00,0.49,16163.30,5388.00,21551.00
spsp,1,4853.00,18968.50,0.75,14115.00,4853.00,18968.50
spsp,3,4898.00,18701.30,1.19,13803.30,4898.00,5966.60
spsp,1,5877.60,18033.40,0.47,12155.80,5877.60,18033.40
spsp,3,5521.30,18790.40,1.21,13269.00,5521.30,5521.30
spsp,1,4809.00,13180.00,1.06,8371.10,4809.00,13180.00
spsp,1,4808.90,21862.70,0.57,17053.80,4808.90,21862.70
spsp,3,4408.20,13090.90,2.09,8682.70,4408.20,6011.10
spsp,3,5210.00,12334.00,1.19,7124.30,5210.00,5210.00
spsp,1,5521.30,17321.00,0.83,11799.60,5521.30,17321.00
spsp,5,5254.20,12467.50,1.04,7213.40,5254.20,5254.20
spsp,3,5610.40,20571.40,0.84,14961.00,5610.40,5610.40
spsp,3,4541.70,12467.50,2.56,7925.80,4541.70,5610.40
spsp,1,5744.00,15272.70,0.39,9528.80,5744.00,15272.70
spsp,3,4942.50,12289.40,1.50,7346.90,4942.50,7703.20
spsp,1,5789.00,14649.40,0.39,8860.90,5789.00,14649.40
spsp,1,5343.20,19369.20,1.05,14026.00,5343.20,19369.20
spsp,3,5476.80,20794.10,1.36,15317.30,5476.80,5476.80
spsp,1,4853.40,21150.30,0.55,16296.80,4853.40,21150.30
spsp,1,5120.60,19547.30,0.39,14426.70,5120.60,19547.30
spsp,1,5877.60,20705.00,0.45,14827.50,5877.60,20705.00
spsp,1,5209.60,23643.80,0.73,18434.10,5209.60,23643.80
spsp,1,5298.70,24000.00,0.90,18701.30,5298.70,24000.00
